unique_id,dataset,participant_id,sex,handedness,age,rs,pa,fi,rs_fi,rs_age,fi_age,rs_fi_age,pa_fi,pa_age,pa_fi_age,mean_acc_O+P+,mean_acc_O+P-,mean_acc_O-P+,mean_acc_O-P-,nci_acc,response_bias,exclude,preC_IFG,preC_TP,preC_vOT,postC_IFG,postC_TP,postC_vOT
ds001486_sub-0004,ds001486,sub-004,Female,right,9.93,117,15,119,13923,1161.81,1181.67,138255.38999999998,1785,148.95,17725.05,1,0.7,0.9,0.857,0.923,0.14300000000000002,NA,6.123163690567017,3.852173974514008,6.474600739479065,5.538912682914772,3.3788811049054344,5.909360441890515
ds001486_sub-0005,ds001486,sub-005,Male,right,11.98,113,11,113,12769,1353.74,1353.74,152972.62,1243,131.78,14891.140000000001,0.917,0.889,1,1,0.962,0.08299999999999996,NA,3.85336932182312,1.7917875516414643,3.6207693982124334,3.5503421631217824,1.605440522350639,3.4602537109920184
ds001486_sub-0006,ds001486,sub-006,Female,right,8.9,114,13,127,14478,1014.6,1130.3,128854.20000000001,1651,115.7,14693.900000000001,1,0.333,0.7,0.857,0.923,0.14300000000000002,NA,4.161717736721039,3.7024501228332523,3.877482352256775,3.828533117226869,3.2338233066099455,3.630411308340959
ds001486_sub-0007,ds001486,sub-007,Female,right,10.32,117,14,116,13572,1207.44,1197.1200000000001,140063.04,1624,144.48000000000002,16759.68,1,0.8,1,1,1,0,NA,6.534839205741882,1.8322661983966826,4.262261323928833,5.9083170985358375,1.6257251124041712,3.964404353359869
ds001486_sub-0008,ds001486,sub-008,Female,right,13.14,109,12,122,13298,1432.26,1603.0800000000002,174735.72,1464,157.68,19236.96,1,0.8,1,1,1,0,NA,2.738642771244049,1.6781994915008547,4.354220514297485,2.534791279874961,1.483875457800501,4.124671708213422
ds001486_sub-0009,ds001486,sub-009,Female,right,8.47,119,14,128,15232,1007.9300000000001,1084.16,129015.04000000001,1792,118.58000000000001,15178.240000000002,0.917,0.8,1,0.929,0.923,0.01200000000000001,NA,3.7388187932968138,4.467022488117218,3.993767955303192,3.4541598571143552,3.9161385653809577,3.695749524449556
ds001486_sub-0010,ds001486,sub-010,Male,right,10.62,123,12,124,15252,1306.26,1316.8799999999999,161976.24,1488,127.44,15802.56,1,0.9,0.9,0.929,0.962,0.07099999999999995,NA,3.990645864009857,2.57815450668335,3.3642756199836725,3.6157127305434296,2.2053055556732115,3.046570687321633
ds001486_sub-0012,ds001486,sub-012,Male,right,12.68,118,12,118,13924,1496.24,1496.24,176556.32,1416,152.16,17954.88,1,0.8,1,0.917,0.958,0.08299999999999996,NA,4.502491409778595,2.823367435932159,4.788611245155335,4.138777557449628,2.508029238321872,4.361311893467339
ds001486_sub-0013,ds001486,sub-013,Female,right,13.65,108,11,119,12852,1474.2,1624.3500000000001,175429.80000000002,1309,150.15,17867.850000000002,1,0.4,0.9,1,1,0,NA,6.616413545608521,1.947931272983551,8.964078230857849,6.011126879317162,1.6978547014756975,7.443479466096494
ds001486_sub-0014,ds001486,sub-014,Male,right,12.18,105,10,125,13125,1278.8999999999999,1522.5,159862.5,1250,121.8,15225,0.833,0.778,0.75,0.909,0.87,0.07600000000000007,NA,4.663747320175171,3.2824929881095883,6.123602232933044,4.243933487794367,2.8460602675578626,5.73268909782632
ds001486_sub-0015,ds001486,sub-015,Male,right,11.98,105,5,110,11550,1257.9,1317.8,138369,550,59.900000000000006,6589,0.833,0.8,0.9,0.786,0.808,0.04699999999999993,NA,4.141350500583648,3.82054943561554,4.06974447965622,3.7193664453920023,3.288555915269683,3.586449278700216
ds001486_sub-0016,ds001486,sub-016,Female,right,12.82,112,12,98,10976,1435.8400000000001,1256.3600000000001,140712.32,1176,153.84,15076.32,1,0.9,1,1,1,0,NA,3.0406312632560732,3.4237753462791445,2.7651457118988034,2.8298996351304573,2.9974556870846665,2.5376172048451826
ds001486_sub-0017,ds001486,sub-017,Female,right,9.45,117,11,121,14157,1105.6499999999999,1143.4499999999998,133783.65,1331,103.94999999999999,12577.949999999999,0.909,1,0.8,0.929,0.92,0.02000000000000001,NA,4.0157860445976254,3.6170394277572626,4.5764248967170715,3.7740858203580867,3.1413759448525567,3.918570789912341
ds001486_sub-0018,ds001486,sub-018,Female,right,12.18,117,10,101,11817,1425.06,1230.18,143931.06,1010,121.8,12301.8,1,1,1,1,1,0,NA,3.216008713245392,1.8446416246891015,7.287675752639769,2.972218729302085,1.6551535448947243,6.463023604443444
ds001486_sub-0019,ds001486,sub-019,Male,right,11.3,123,14,122,15006,1389.9,1378.6000000000001,169567.80000000002,1708,158.20000000000002,19300.4,1,0.8,0.9,1,1,0,NA,3.2071766233444214,2.754099476337433,4.12002511024475,2.904453845363413,2.4892316909805206,3.71240265305579
ds001486_sub-0021,ds001486,sub-021,Female,right,10.08,125,13,109,13625,1260,1098.72,137340,1417,131.04,14283.36,1,0.556,0.889,0.667,0.826,0.33299999999999996,NA,3.985032510757446,2.911589946746826,2.8628790521621705,3.56385362602696,2.5732130853124517,2.6449637002700204
ds001486_sub-0022,ds001486,sub-022,Male,right,12.59,97,12,122,11834,1221.23,1535.98,148990.06,1464,151.07999999999998,18431.76,1,0.4,0.9,0.714,0.846,0.28600000000000003,NA,6.331204905509948,3.0978170108795164,6.8486644506454475,5.680178392744387,2.6870198823539444,6.355766068526152
ds001486_sub-0023,ds001486,sub-023,Male,right,11.38,114,11,101,11514,1297.3200000000002,1149.38,131029.32,1111,125.18,12643.18,0.917,0.6,0.9,0.929,0.923,0.01200000000000001,NA,3.04251702785492,1.740123127698898,2.0232679295539855,2.795226936242849,1.5779452903031583,1.9426948848986134
ds001486_sub-0024,ds001486,sub-024,Female,right,9.96,113,12,116,13108,1125.48,1155.3600000000001,130555.68000000001,1392,119.52000000000001,13864.320000000002,1,0.778,1,0.929,0.962,0.07099999999999995,NA,3.1062125706672665,1.9382538366317752,6.839995164871214,2.8420412883941806,1.7525615969080115,6.197129478350471
ds001486_sub-0025,ds001486,sub-025,Male,right,11.99,112,12,119,13328,1342.88,1426.81,159802.72,1428,143.88,17121.72,1,0.9,1,1,1,0,NA,6.373147625923157,2.023822090625763,3.849180557727814,5.75409980030503,1.7894872816707128,3.6595642318224244
ds001486_sub-0026,ds001486,sub-026,Female,right,10.92,125,13,109,13625,1365,1190.28,148785,1417,141.96,15473.64,0.917,0.778,1,0.923,0.92,0.006,NA,4.987365894317627,5.6660559940338135,4.894751615524292,4.54987611422614,4.95454348946812,4.358793255891452
ds001486_sub-0027,ds001486,sub-027,Female,right,10.09,126,14,130,16380,1271.34,1311.7,165274.2,1820,141.26,18363.8,0.917,0.8,0.9,0.929,0.923,0.01200000000000001,NA,3.6432843327522275,1.4993715429306032,4.0217151975631715,3.462055535783093,1.3468736677870532,3.846102556740858
ds001486_sub-0028,ds001486,sub-028,Female,right,11.64,109,10,83,9047,1268.76,966.12,105307.08,830,116.4,9661.2,1,0.5,1,0.929,0.962,0.07099999999999995,NA,4.407013773918152,2.6936873495578766,3.4031466269493107,3.95719789664766,2.382114439306023,3.1292150405959225
ds001486_sub-0029,ds001486,sub-029,Male,right,9.89,101,9,104,10504,998.8900000000001,1028.56,103884.56000000001,936,89.01,9257.04,0.778,0.5,0.75,0.692,0.727,0.08600000000000008,NA,2.529739670753479,1.1376535594463348,3.0977482652664183,2.273912035998723,1.0370954770284333,2.944824935069413
ds001486_sub-0030,ds001486,sub-030,Female,right,11.39,107,10,107,11449,1218.73,1218.73,130404.11,1070,113.9,12187.300000000001,1,0.7,1,0.929,0.962,0.07099999999999995,NA,5.965565400123595,3.7315326452255246,6.34693099975586,5.411878188642831,3.2782252912755814,5.724009855112948
ds001486_sub-0031,ds001486,sub-031,Female,right,11.52,113,10,113,12769,1301.76,1301.76,147098.88,1130,115.19999999999999,13017.6,0.917,0.8,0.9,0.857,0.885,0.06000000000000005,NA,6.375724616050721,4.461611378192901,5.200420150756836,5.805559974296771,3.844802622879704,4.731688405403499
ds001486_sub-0032,ds001486,sub-032,Male,right,9.22,112,14,121,13552,1032.64,1115.6200000000001,124949.44,1694,129.08,15618.68,0.909,0.7,1,0.929,0.92,0.02000000000000001,NA,2.4591992950439456,2.5597535312175754,2.8458771729469303,2.315017170071888,2.268171167952688,2.6224063626153478
ds001486_sub-0033,ds001486,sub-033,Female,right,11.77,123,12,119,14637,1447.71,1400.6299999999999,172277.49,1428,141.24,16807.559999999998,1,0.8,0.9,0.929,0.962,0.07099999999999995,NA,6.54672562122345,2.166046802997589,5.4872379493713375,5.946543935582709,1.8746434404121437,4.877431838339339
ds001486_sub-0034,ds001486,sub-034,Female,right,9.97,119,14,109,12971,1186.43,1086.73,129320.87000000001,1526,139.58,15214.220000000001,1,0.7,1,0.857,0.923,0.14300000000000002,NA,4.244201037883759,1.5486047375202177,3.2951318955421445,3.7961863635244755,1.4080961945268564,3.074560741494627
ds001486_sub-0035,ds001486,sub-035,Male,right,10.94,111,6,113,12543,1214.34,1236.22,137220.41999999998,678,65.64,7417.32,1,0.9,0.9,0.929,0.962,0.07099999999999995,NA,5.330791726112365,1.9794941818714136,3.643568322658539,4.816916144176687,1.7636978226707447,3.295436714038139
ds001486_sub-0038,ds001486,sub-038,Male,right,13.88,130,12,113,14690,1804.4,1568.44,203897.2,1356,166.56,18821.280000000002,1,1,1,1,1,0,NA,2.4977249789237974,0.6992554044723511,1.537681522369385,2.2783128343478554,0.6929082694180734,1.4541828251161848
ds001486_sub-0039,ds001486,sub-039,Female,right,13.4,95,4,88,8360,1273,1179.2,112024,352,53.6,4716.8,0.917,0.7,0.889,0.929,0.923,0.01200000000000001,NA,4.323175084590912,1.2570491784811022,2.5068599104881284,3.963894089202049,1.1292833051901348,2.37558542352262
ds001486_sub-0040,ds001486,sub-040,Male,right,12.73,116,12,106,12296,1476.68,1349.38,156528.08000000002,1272,152.76,16192.560000000001,1,0,0.778,0.714,0.846,0.28600000000000003,NA,7.233152389526367,3.0142576956748965,6.794288749694824,6.564737807810947,2.6729644737906,5.967109715464411
ds001486_sub-0041,ds001486,sub-041,Female,right,9.23,98,13,107,10486,904.5400000000001,987.61,96785.78,1391,119.99000000000001,12838.93,1,0.6,1,0.857,0.923,0.14300000000000002,NA,2.608079423904419,1.4296288549900054,2.4945829987525943,2.3825347194191733,1.2642716316805984,2.2967197667166093
ds001486_sub-0042,ds001486,sub-042,Female,right,10.41,100,6,104,10400,1041,1082.64,108264,624,62.46,6495.84,0.667,0.7,0.6,1,0.846,0.33299999999999996,NA,1.2249167668819432,0.9534590309858322,1.4103599125146864,1.1223649270159808,0.8810051949448487,1.2608544806231863
ds001486_sub-0043,ds001486,sub-043,Male,right,13.56,102,11,115,11730,1383.1200000000001,1559.4,159058.80000000002,1265,149.16,17153.4,0.8,0.222,0.9,0.857,0.833,0.05699999999999994,NA,5.93847822189331,3.8471274971961975,5.353468899726868,5.565583516925444,3.33627644805575,4.962245598302442
ds001486_sub-0044,ds001486,sub-044,Female,right,11.49,130,11,112,14560,1493.7,1286.88,167294.4,1232,126.39,14155.68,1,0.9,0.9,1,1,0,NA,5.545339374542237,1.6075915992259977,5.761433100700379,5.051439692031654,1.4479381463774277,5.291261127896292
ds001486_sub-0045,ds001486,sub-045,Female,right,9.78,95,7,113,10735,929.0999999999999,1105.1399999999999,104988.29999999999,791,68.46,7735.98,0.818,0.3,0.6,0.769,0.792,0.04899999999999993,NA,1.2555130434036255,1.1250468742847441,2.8519662117958067,1.1570380841588315,1.0258046642788876,2.634209508139481
ds001486_sub-0046,ds001486,sub-046,Male,right,12.42,106,11,101,10706,1316.52,1254.42,132968.52,1111,136.62,13798.62,0.917,0.8,1,0.923,0.92,0.006,NA,7.436664419174194,4.006418712139129,5.212796568870544,6.782059977299743,3.4288606686656213,4.703151010233608
ds001486_sub-0047,ds001486,sub-047,Female,right,10.44,114,10,116,13224,1190.1599999999999,1211.04,138058.56,1160,104.39999999999999,12110.4,0.917,0.7,1,0.929,0.923,0.01200000000000001,NA,6.550819716453552,3.3702139759063723,6.859780621528626,6.042635217571417,2.9401127389235295,6.347185074497008
ds001486_sub-0048,ds001486,sub-048,Male,right,10.6,133,14,109,14497,1409.8,1155.3999999999999,153668.19999999998,1526,148.4,16175.6,1,0.9,0.889,1,1,0,NA,4.520354633331299,3.1013134217262266,5.307307710647583,4.115838861806583,2.6941924255147387,4.74688075134644
ds001486_sub-0049,ds001486,sub-049,Female,right,10.97,129,12,104,13416,1415.13,1140.88,147173.52000000002,1248,131.64000000000001,13690.560000000001,1,0.8,0.8,1,1,0,NA,2.454637329578399,1.7808734083175664,3.395440483093261,2.234252044671831,1.6287708113205077,3.1369242885531428
ds001486_sub-0050,ds001486,sub-050,Female,right,9.43,119,12,115,13685,1122.17,1084.45,129049.55,1380,113.16,13013.4,1,0.8,0.9,0.923,0.96,0.07699999999999996,NA,5.0033453178405765,2.9961938333511355,4.561716551780701,4.696400931118814,2.65649124439406,4.341488388215734
ds001486_sub-0052,ds001486,sub-052,Female,right,12.45,84,5,86,7224,1045.8,1070.7,89938.79999999999,430,62.25,5353.5,0.714,0,0.8,0.8,0.75,0.08600000000000008,NA,3.8782113075256346,3.7762623310089114,7.9851352930068975,3.4068085838839726,3.255139863026166,7.103598239985313
ds001486_sub-0053,ds001486,sub-053,Female,right,12.66,98,12,112,10976,1240.68,1417.92,138956.16,1344,151.92000000000002,17015.04,0.917,0.222,0.778,0.692,0.8,0.2250000000000001,NA,3.77338449716568,2.3661321413517,3.5943831229209904,3.4301115821795496,2.0379561109202666,3.331217429352827
ds001486_sub-0054,ds001486,sub-054,Male,right,14.09,103,12,83,8549,1451.27,1169.47,120455.41,996,169.07999999999998,14033.64,1,0.6,1,0.714,0.846,0.28600000000000003,NA,4.758344440460205,2.100915495157242,2.649585654735565,4.4063697505578086,1.859313339363392,2.3874345943138597
ds001486_sub-0055,ds001486,sub-055,Male,right,11.09,106,7,97,10282,1175.54,1075.73,114027.38,679,77.63,7530.11,0.75,0.3,0.9,0.857,0.808,0.10699999999999998,NA,5.293611578941345,1.2361282825469968,3.7486259031295774,4.830081698306887,1.1054035432639535,3.5122755091309514
ds001486_sub-0056,ds001486,sub-056,Female,right,10.14,93,3,110,10230,943.0200000000001,1115.4,103732.20000000001,330,30.42,3346.2000000000003,1,0.4,1,0.769,0.87,0.231,NA,3.444447517395019,2.2512936794757845,3.449872696399688,3.1331411528861346,1.941602745745916,2.908851179650665
ds001486_sub-0057,ds001486,sub-057,Male,right,9.54,100,10,97,9700,953.9999999999999,925.3799999999999,92537.99999999999,970,95.39999999999999,9253.8,1,0.6,1,0.643,0.808,0.357,NA,2.5481985425949096,1.7677355313301084,1.950956829786301,2.3785290211992858,1.606499046898713,1.8134940904133878
ds001486_sub-0059,ds001486,sub-059,Male,right,12.91,109,11,122,13298,1407.19,1575.02,171677.18,1342,142.01,17325.22,0.9,0.8,1,1,0.957,0.09999999999999998,NA,5.748125324249267,4.928201127052308,11.339399175643921,5.202103115557525,4.310818934043507,10.334567873517987
ds001486_sub-0060,ds001486,sub-060,Male,right,10.92,106,11,122,12932,1157.52,1332.24,141217.44,1342,120.12,14654.64,0.833,0.7,0.8,1,0.923,0.16700000000000004,NA,3.1814284110069275,1.3293858033418655,4.986327879428863,2.920350827808791,1.196804247064287,4.435419130263549
ds001486_sub-0061,ds001486,sub-061,Male,right,11.25,98,8,122,11956,1102.5,1372.5,134505,976,90,10980,0.909,0.4,0.6,0.769,0.833,0.14,NA,3.838883237838745,2.702689492702484,3.1780424809455874,3.4008279136813186,2.3492062435057597,2.830677083031478
ds001486_sub-0062,ds001486,sub-062,Male,right,15,106,12,116,12296,1590,1740,184440,1392,180,20880,0.833,0.7,0.6,0.786,0.808,0.04699999999999993,NA,9.00526131629944,4.956582064628601,4.304087228775024,8.236395654106053,4.278745144433652,4.103022724653277
ds001486_sub-0063,ds001486,sub-063,Male,right,11,107,13,104,11128,1177,1144,122408,1352,143,14872,0.917,0.3,0.8,0.786,0.846,0.131,NA,4.037114741802215,2.956450304985046,3.143032686710358,3.781131747395648,2.6058240869430427,2.950144294043276
ds001486_sub-0064,ds001486,sub-064,Female,right,9.01,120,12,115,13800,1081.2,1036.1499999999999,124338,1380,108.12,12433.8,1,0.9,1,0.857,0.923,0.14300000000000002,NA,2.166895101070404,1.1378529793024061,3.224612684249878,1.9832222145727199,1.0191957180914235,3.03364929668975
ds001486_sub-0065,ds001486,sub-065,Male,right,10.13,120,5,107,12840,1215.6000000000001,1083.91,130069.20000000001,535,50.650000000000006,5419.55,1,0.6,1,0.857,0.923,0.14300000000000002,NA,4.00702602148056,2.0830467307567595,6.284009838104248,3.7761764822956203,1.8288474632362188,5.647461566365515
ds001486_sub-0066,ds001486,sub-066,Female,right,9.43,93,8,109,10137,876.99,1027.87,95591.91,872,75.44,8222.96,0.917,0.1,0.7,0.923,0.92,0.006,NA,3.925542185306549,0.8566169178485872,4.180754470825195,3.524075935739042,0.7802539733059102,3.8556230937749687
ds001486_sub-0067,ds001486,sub-067,Female,right,14.04,85,4,92,7820,1193.3999999999999,1291.6799999999998,109792.79999999999,368,56.16,5166.719999999999,0.917,0.3,0.7,0.571,0.731,0.3460000000000001,NA,4.363698878288269,4.00766051530838,3.4651359486579896,4.050022742898559,3.425398503177562,3.22923867902591
ds001486_sub-0069,ds001486,sub-069,Female,right,13.21,98,12,73,7154,1294.5800000000002,964.33,94504.34000000001,876,158.52,11571.960000000001,1,0.7,1,0.929,0.962,0.07099999999999995,NA,5.0456493997573855,1.6653792083263397,5.0126830673217775,4.574179021818222,1.4626486103962117,4.739826178996692
ds001486_sub-0070,ds001486,sub-070,Female,right,13.02,107,3,83,8881,1393.1399999999999,1080.6599999999999,115630.62,249,39.06,3241.98,1,0.9,1,1,1,0,NA,5.3650206232070925,3.8440870547294614,5.801190333366394,5.024818708833998,3.27461118699747,5.175575344861527
ds001486_sub-0071,ds001486,sub-071,Male,right,8.64,115,11,113,12995,993.6,976.32,112276.8,1243,95.04,10739.52,0.917,0.6,0.9,0.857,0.885,0.06000000000000005,NA,3.667819290161133,2.1481897187232972,8.380651769638064,3.3859375294350125,1.936374573045926,7.477423637290406
ds001486_sub-0072,ds001486,sub-072,Male,right,13.79,100,5,88,8800,1379,1213.52,121351.99999999999,440,68.94999999999999,6067.5999999999995,1,0.3,0.7,0.643,0.808,0.357,NA,2.062166817188263,1.1225647795200349,2.3521226835250855,1.9450380895484485,1.0232172503191448,2.222207234933343
ds001486_sub-0073,ds001486,sub-073,Female,right,9.97,112,13,73,8176,1116.64,727.8100000000001,81514.72,949,129.61,9461.53,1,0.8,0.889,0.929,0.962,0.07099999999999995,NA,8.256406307220459,5.294058890342712,6.715960092544555,7.523530622462011,4.613750455075583,6.025552187047953
ds001486_sub-0074,ds001486,sub-074,Female,right,12.33,58,4,95,5510,715.14,1171.35,67938.3,380,49.32,4685.4,0.917,0,0.556,0.692,0.8,0.2250000000000001,NA,5.718506660461426,2.523469594717026,5.058652300834655,5.012477876238285,2.2209561670045397,4.45853242463209
ds001486_sub-0075,ds001486,sub-075,Female,right,14.06,98,5,95,9310,1377.88,1335.7,130898.6,475,70.3,6678.5,1,0.667,1,0.786,0.885,0.21399999999999997,NA,5.217746906280517,1.3549701941013337,3.6501784253120424,4.7673134208256975,1.2373625754585516,3.3730813431804814
ds001486_sub-0076,ds001486,sub-076,Male,right,11.15,85,5,97,8245,947.75,1081.55,91931.75,485,55.75,5407.75,0.909,0.1,0.9,0.857,0.88,0.05200000000000004,NA,4.0684714603424075,1.0538125085830687,4.46731947183609,3.621149970146914,0.9135438003413061,4.1069332241360454
ds001486_sub-0077,ds001486,sub-077,Female,right,9.94,90,5,77,6930,894.5999999999999,765.38,68884.2,385,49.699999999999996,3826.8999999999996,0.917,0.4,1,0.929,0.923,0.01200000000000001,NA,3.5000235533714292,1.3612668919563293,2.0007755410671235,3.1683739495842382,1.2036770277476694,1.8594024505939042
ds001486_sub-0078,ds001486,sub-078,Female,right,12.19,83,4,91,7553,1011.77,1109.29,92071.06999999999,364,48.76,4437.16,1,0.2,0.778,0.75,0.875,0.25,NA,4.09513747215271,1.6437367761135102,6.153323850631714,3.7058372812141114,1.446307151885888,5.91463150627031
ds001486_sub-0079,ds001486,sub-079,Male,right,12.59,106,8,94,9964,1334.54,1183.46,125446.76,752,100.72,9467.68,1,0.7,1,0.929,0.962,0.07099999999999995,NA,7.1905887508392325,3.656876249313355,4.676993842124939,6.502978217114419,3.117145099888843,4.373268225653404
ds001486_sub-0081,ds001486,sub-081,Male,right,11.18,85,5,107,9095,950.3,1196.26,101682.09999999999,535,55.9,5981.3,0.833,0.5,1,0.786,0.808,0.04699999999999993,NA,2.103206350803375,2.337260315418243,4.02272700548172,1.8705279096955472,1.9975352608553383,3.559544968468615
ds001486_sub-0082,ds001486,sub-082,Male,right,11.55,86,7,97,8342,993.3000000000001,1120.3500000000001,96350.1,679,80.85000000000001,7842.450000000001,0.583,0.2,0.333,0.769,0.68,0.18600000000000003,NA,2.7951655745506288,2.8439818048477177,2.3139371490478515,2.589643850128467,2.4768418394116396,2.159231346719494
ds001486_sub-0083,ds001486,sub-083,Female,right,11.58,96,6,92,8832,1111.68,1065.36,102274.56,552,69.48,6392.16,0.917,0.3,0.8,0.929,0.923,0.01200000000000001,NA,5.298466200828552,1.6094784641265871,3.201929607391357,4.744497815046256,1.4347419851778134,2.9848285358885134
ds001486_sub-0085,ds001486,sub-085,Female,right,9.91,103,13,104,10712,1020.73,1030.64,106155.92,1352,128.83,13398.32,1,0.4,0.9,0.857,0.92,0.14300000000000002,NA,2.499151809215545,0.22630896672606474,2.2403070759773254,2.290481200225521,0.23845883313777116,2.076797124722364
ds001486_sub-0086,ds001486,sub-086,Male,right,12.77,100,12,101,10100,1277,1289.77,128977,1212,153.24,15477.24,1,0.3,1,0.909,0.957,0.09099999999999996,NA,3.4406176996231075,1.9471209788322448,4.00624413728714,3.1948388111539674,1.7507657684685187,3.5814759251226778
ds001486_sub-0087,ds001486,sub-087,Male,right,13.43,102,5,88,8976,1369.86,1181.84,120547.68,440,67.15,5909.2,1,0.8,0.8,1,1,0,NA,3.7735957217216494,0.932208344936371,3.7364261746406546,3.498430881691446,0.8290663487637145,3.5008272639122895
ds001486_sub-0088,ds001486,sub-088,Female,right,9.9,98,5,98,9604,970.2,970.2,95079.6,490,49.5,4851,0.833,0.6,0.5,1,0.923,0.16700000000000004,NA,4.147090692520142,2.318958311080932,3.468920979499817,3.6744118822856957,2.027339670261389,3.201431703824402
ds001486_sub-0089,ds001486,sub-089,Female,right,10.07,114,7,107,12198,1147.98,1077.49,122833.86,749,70.49000000000001,7542.43,0.75,0.7,1,0.857,0.808,0.10699999999999998,NA,4.996583814620972,1.493033300638199,3.069235289096832,4.464079125971792,1.364285893160347,2.868453266586314
ds001486_sub-0090,ds001486,sub-090,Male,right,12.81,116,9,118,13688,1485.96,1511.5800000000002,175343.28,1062,115.29,13604.220000000001,0.917,0.5,0.9,1,0.962,0.08299999999999996,NA,4.774975714683533,2.640110123157501,3.9012985873222354,4.4418624566468115,2.311812415502961,3.492726367172544
ds001486_sub-0091,ds001486,sub-091,Female,right,13.25,94,6,100,9400,1245.5,1325,124550,600,79.5,7950,0.917,0.7,0.8,0.929,0.923,0.01200000000000001,NA,4.89755099773407,1.8315412676334384,3.5949437260627746,4.394945496882464,1.6085543826190274,3.3384013362923737
ds001486_sub-0093,ds001486,sub-093,Male,right,9.95,123,13,122,15006,1223.85,1213.8999999999999,149309.69999999998,1586,129.35,15780.699999999999,1,0.333,0.8,1,1,0,NA,2.181817272901535,1.8308243465423581,2.1501722729206083,2.0896637735047054,1.6191313108260674,2.1198497888334815
ds001486_sub-0094,ds001486,sub-094,Male,right,13.02,104,11,71,7384,1354.08,924.42,96139.68,781,143.22,10168.619999999999,1,0.1,0.8,0.714,0.846,0.28600000000000003,NA,5.15019166469574,2.8091007089614863,4.940817766189575,4.650835972924609,2.517591280006742,4.529523749933094
ds001486_sub-0095,ds001486,sub-095,Male,right,11.33,110,9,113,12430,1246.3,1280.29,140831.9,1017,101.97,11522.61,0.917,0.3,0.8,0.786,0.846,0.131,NA,6.526073293685913,2.271863270998001,3.3516178965568546,5.721942677630643,2.0200202277072603,3.046497916563096
ds001486_sub-0096,ds001486,sub-096,Female,right,10.9,98,9,113,11074,1068.2,1231.7,120706.6,1017,98.10000000000001,11085.300000000001,0.583,0.556,0.5,1,0.808,0.417,NA,4.907699818611145,2.4712634038925168,3.290692458152771,4.374700976468079,2.1722242730982915,2.9570305633837624
ds001486_sub-0097,ds001486,sub-097,Male,right,10.6,91,10,124,11284,964.6,1314.3999999999999,119610.4,1240,106,13144,0.917,0.222,0.8,0.929,0.923,0.01200000000000001,NA,2.676109502315521,2.0399198579788207,2.5391184926033024,2.52471811285332,1.760193071647991,2.265056097581635
ds001486_sub-0098,ds001486,sub-098,Female,right,9.37,94,7,77,7238,880.78,721.4899999999999,67820.06,539,65.58999999999999,5050.429999999999,0.667,0.222,0.889,0.3,0.5,0.3670000000000001,NA,4.734133315086365,1.4855378276109696,2.618551998138428,4.159599561655038,1.3109807841312808,2.4411911419331465
ds001486_sub-0100,ds001486,sub-100,Female,right,9.96,105,6,103,10815,1045.8000000000002,1025.88,107717.40000000001,618,59.760000000000005,6155.280000000001,0.818,0.6,0.667,0.857,0.84,0.03900000000000003,NA,2.232600055932999,2.1923397159576417,4.357816550731659,2.06489709754981,1.9242654533684846,4.17750936526462
ds001486_sub-0101,ds001486,sub-101,Female,right,12.24,110,4,104,11440,1346.4,1272.96,140025.6,416,48.96,5091.84,1,0.7,1,0.786,0.885,0.21399999999999997,NA,1.9710676658153532,1.6548867344856262,4.359863331317902,1.8096673799661454,1.480556309117545,4.076399454966053
ds001486_sub-0102,ds001486,sub-102,Female,right,10.4,90,9,110,9900,936,1144,102960,990,93.60000000000001,10296,0.917,0.5,0.9,0.846,0.88,0.07100000000000006,NA,3.4298058462142946,2.261461330652237,3.830265519618988,3.092243835901335,1.932751467901021,3.4622308246709363
ds001486_sub-0103,ds001486,sub-103,Female,right,10.09,106,7,112,11872,1069.54,1130.08,119788.48,784,70.63,7910.5599999999995,1,0.6,0.9,1,1,0,NA,3.9489424204826356,2.4314981985092166,2.6419213104248045,3.686111474444949,2.1006881051920994,2.3856117381820248
ds001486_sub-0104,ds001486,sub-104,Female,right,12.16,95,5,94,8930,1155.2,1143.04,108588.8,470,60.8,5715.2,0.917,0.7,0.5,0.923,0.92,0.006,NA,3.1707419419288634,3.344630219936371,2.9952637195587153,2.8358462678061347,2.9079790822606753,2.849440989481993
ds001486_sub-0105,ds001486,sub-105,Female,right,10.64,90,5,91,8190,957.6,968.24,87141.6,455,53.2,4841.2,0.917,0.5,0.889,0.846,0.88,0.07100000000000006,NA,4.738390407562256,1.6619709181785582,3.800609314441681,4.21893989394932,1.4645563711656777,3.373652759312523
ds001486_sub-0106,ds001486,sub-106,Male,right,12.22,95,5,107,10165,1160.9,1307.54,124216.3,535,61.1,6537.700000000001,0.833,0.7,0.4,1,0.923,0.16700000000000004,NA,3.7369052815437316,0.9456135761737824,1.6457326614856722,3.442144248110712,0.8165833818008824,1.429270502493727
ds001486_sub-0108,ds001486,sub-108,Male,right,10.39,93,5,88,8184,966.2700000000001,914.32,85031.76000000001,440,51.95,4571.6,0.917,0.333,0.7,1,0.962,0.08299999999999996,NA,4.750916652679443,0.9148126450181011,4.501433625221252,4.3407570712315104,0.8262318151769988,4.08818217010457
ds001486_sub-0109,ds001486,sub-109,Male,right,12.45,114,12,94,10716,1419.3,1170.3,133414.19999999998,1128,149.39999999999998,14043.599999999999,0.917,0.7,0.5,0.857,0.885,0.06000000000000005,NA,4.321144566535949,2.5600682020187375,5.951917638778687,3.986003699077253,2.2682086385435767,5.305918063480857
ds001486_sub-0110,ds001486,sub-110,Male,right,10.7,97,6,73,7081,1037.8999999999999,781.0999999999999,75766.7,438,64.19999999999999,4686.5999999999995,0.889,0.4,0.857,0.889,0.889,0,NA,2.1988471591472627,2.3890647959709175,3.0003634071350094,2.115843999471418,2.099180213651403,2.785863638661632
ds001486_sub-0112,ds001486,sub-112,Male,right,11.27,98,8,86,8428,1104.46,969.2199999999999,94983.56,688,90.16,7753.759999999999,1,0.7,0.889,0.923,0.958,0.07699999999999996,NA,3.6637160658836363,2.3242533206939697,3.214529831409455,3.3852287370202467,2.04982912940987,2.891660373978765
ds001486_sub-0113,ds001486,sub-113,Male,right,11.15,96,9,104,9984,1070.4,1159.6000000000001,111321.6,936,100.35000000000001,10436.4,0.818,0.111,0.9,0.692,0.75,0.126,NA,2.881865699291229,2.4261082303524018,5.327172021865844,2.624643403699533,2.1444909148873488,4.544179877775197
ds001486_sub-0115,ds001486,sub-115,Male,right,13.04,108,11,101,10908,1408.32,1317.04,142240.31999999998,1111,143.44,14487.439999999999,0.917,1,0.75,1,0.962,0.08299999999999996,NA,2.49880512714386,5.067583265304566,4.841048049926758,2.3251937745930147,4.373769240809598,4.3132060479629395
ds001486_sub-0116,ds001486,sub-116,Female,right,11.54,87,12,113,9831,1003.9799999999999,1304.02,113449.73999999999,1356,138.48,15648.239999999998,0.75,0.4,0.1,0.833,0.792,0.08299999999999996,NA,3.564387147426605,3.6178713130950926,5.584139471054077,3.303415193450483,3.0593408725274074,5.270780647346542
ds001486_sub-0117,ds001486,sub-117,Female,right,13,106,11,89,9434,1378,1157,122642,979,143,12727,1,0.625,0.8,0.667,0.826,0.33299999999999996,NA,4.913057980537415,1.138599786758423,4.122688736915588,4.438785424008817,1.0096394158283866,3.8837517318940447
ds001486_sub-0118,ds001486,sub-118,Male,right,13.34,100,12,100,10000,1334,1334,133400,1200,160.07999999999998,16008,1,0.6,0.8,0.857,0.923,0.14300000000000002,NA,1.3702245342731476,1.6273803424835205,1.8612381172180177,1.2957358755564432,1.4328757982284606,1.6942979189981617
ds001486_sub-0119,ds001486,sub-119,Male,right,11.6,106,8,121,12826,1229.6,1403.6,148781.6,968,92.8,11228.8,1,0.286,0.8,0.778,0.882,0.222,NA,3.5272489166259766,3.3591929388046267,2.3268380784988403,3.2307276114583416,2.9723442145362,2.1128366932737714
ds001486_sub-0120,ds001486,sub-120,Female,right,12.36,104,10,113,11752,1285.44,1396.6799999999998,145254.72,1130,123.6,13966.8,1,0.6,0.9,1,1,0,NA,4.53335120677948,2.461328661441803,4.206034727096558,4.13235541688714,2.137105048089773,3.910340018536188
ds001486_sub-0122,ds001486,sub-122,Female,right,9.1,116,12,115,13340,1055.6,1046.5,121394,1380,109.19999999999999,12558,0.818,0.4,1,1,0.917,0.18200000000000005,NA,2.925717737674713,0.9447358107566834,3.0515170502662663,2.650544092612227,0.8721421775449834,2.8928822409943646
ds001486_sub-0123,ds001486,sub-123,Male,right,12.35,106,8,125,13250,1309.1,1543.75,163637.5,1000,98.8,12350,1,0.7,0.8,1,1,0,NA,2.852313060760498,2.0494264709949492,3.6592670536041263,2.5955559921926676,1.8739846533512554,3.3785388053501313
ds001486_sub-0124,ds001486,sub-124,Female,right,9.59,104,12,133,13832,997.36,1275.47,132648.88,1596,115.08,15305.64,1,0,0.667,0.786,0.885,0.21399999999999997,NA,4.660722167491913,2.008882100582123,3.99845329284668,4.20890711521979,1.7750676098303337,3.58733427882993
ds001486_sub-0125,ds001486,sub-125,Female,right,9.64,98,10,88,8624,944.72,848.32,83135.36,880,96.4,8483.2,0.833,0.222,0.667,0.692,0.76,0.141,NA,3.6011022543907165,3.276271533966065,4.1975921273231505,3.4082551171255218,2.834387946090842,3.9029155028970215
ds001486_sub-0126,ds001486,sub-126,Male,right,10.73,106,7,104,11024,1137.38,1115.92,118287.52,728,75.11,7811.4400000000005,0.75,0.6,0.7,0.929,0.846,0.17900000000000005,NA,2.7932300662994383,1.5212650895118711,1.6457414579391478,2.50722798882892,1.34406708096938,1.532890859804596
ds001486_sub-0128,ds001486,sub-128,Male,right,8.64,119,12,118,14042,1028.16,1019.5200000000001,121322.88,1416,103.68,12234.240000000002,0.917,0.6,0.9,0.786,0.846,0.131,NA,3.052564473152161,2.738969452381134,4.057141273021698,2.8389745691155,2.4240081587806532,3.727828347121748
ds001486_sub-0129,ds001486,sub-129,Male,right,13.54,99,12,92,9108,1340.4599999999998,1245.6799999999998,123322.31999999999,1104,162.48,14948.16,1,0.6,0.3,1,1,0,NA,1.7033449721336362,1.088556373715401,1.937811141014099,1.6136380599236948,0.9524300612340383,1.8383620159679124
ds001486_sub-0130,ds001486,sub-130,Female,right,11.35,96,9,118,11328,1089.6,1339.3,128572.8,1062,102.14999999999999,12053.699999999999,0.727,0.6,0.3,0.929,0.84,0.20200000000000007,NA,2.6372486627101903,1.545460659265519,2.6906401658058163,2.3669180430441608,1.361994973590776,2.414177258935523
ds001486_sub-0131,ds001486,sub-131,Female,right,10.88,114,9,92,10488,1240.3200000000002,1000.96,114109.44,828,97.92,9008.640000000001,0.917,0.7,0.8,0.929,0.923,0.01200000000000001,NA,5.293876900672912,1.5351122188568116,2.7623072981834413,4.860036118768726,1.4041166731790533,2.5366243264625363
ds001486_sub-0132,ds001486,sub-132,Female,right,12.16,96,9,98,9408,1167.3600000000001,1191.68,114401.28,882,109.44,10725.12,1,0.7,1,0.929,0.962,0.07099999999999995,NA,4.442817568778992,2.5296199846267697,6.718010163307189,4.086119204758131,2.2445549245551346,6.160954933282054
ds001894_sub-0001,ds001894,sub-001,Female,right,10.24,110,12,125,13750,1126.4,1280,140800,1500,122.88,15360,0.792,0.833,0.875,0.792,0.792,0,NA,5.513352041244507,2.1514242970943442,4.160745062828064,6.337057138519832,2.404560943347913,4.7950443735108985
ds001894_sub-0002,ds001894,sub-002,Male,right,9.51,130,13,106,13780,1236.3,1008.06,131047.8,1378,123.63,13104.779999999999,1,0.792,0.917,0.917,0.958,0.08299999999999996,NA,3.7887893438339235,0.9328767240047455,3.5253775000572203,4.410040548783229,1.022031738268861,3.849014733472627
ds001894_sub-0003,ds001894,sub-003,Male,right,8.73,102,13,113,11526,890.46,986.49,100621.98000000001,1469,113.49000000000001,12824.37,1,0.25,0.958,0.75,0.875,0.25,NA,2.599694373607636,2.644016695022583,1.965655770301819,2.982000928056586,3.0694268338889237,2.1568218188325776
ds001894_sub-0004,ds001894,sub-004,Female,right,11.12,128,13,122,15616,1423.36,1356.6399999999999,173649.91999999998,1586,144.56,17636.32,0.958,0.958,1,0.958,0.958,0,NA,4.00935763835907,1.751928369998932,3.620077922344208,4.764009602294672,1.9237246466088416,3.970365231858109
ds001894_sub-0006,ds001894,sub-006,Female,right,7.96,129,9,128,16512,1026.84,1018.88,131435.52,1152,71.64,9169.92,0.958,0.583,0.875,0.958,0.958,0,NA,1.627149077653885,2.2171750342845917,2.4156155812740323,1.835297824392645,2.520437383354721,2.7065943927826197
ds001894_sub-0007,ds001894,sub-007,Male,right,9.29,105,14,127,13335,975.4499999999999,1179.83,123882.15,1778,130.06,16517.62,0.708,0.417,0.792,0.708,0.708,0,NA,2.304540386199952,0.9710001325607301,1.6467928016185762,2.674732520696091,1.0030235873933464,1.9083392636116976
ds001894_sub-0008,ds001894,sub-008,Male,right,11.23,120,13,97,11640,1347.6000000000001,1089.31,130717.20000000001,1261,145.99,14161.03,0.958,0.75,1,1,0.979,0.04200000000000004,NA,2.9502173495292663,2.4292877018451695,5.26465927362442,3.356014733528599,2.729869890744569,5.960834633334314
ds001894_sub-0009,ds001894,sub-009,Male,right,11.77,115,13,122,14030,1353.55,1435.94,165133.1,1586,153.01,18667.219999999998,0.958,0.292,0.917,0.75,0.854,0.20799999999999996,NA,2.2567446780204774,1.0760880601406095,3.0624265313148498,2.626306368102718,1.1274518265411202,3.853959340067499
ds001894_sub-0010,ds001894,sub-010,Male,right,12.83,99,12,103,10197,1270.17,1321.49,130827.51,1236,153.96,15857.88,0.875,0.833,0.958,0.917,0.896,0.04200000000000004,NA,5.473949737548828,0.9501847916841506,2.814030740261078,6.632169636911045,0.9729141743696317,3.1158169782795566
ds001894_sub-0011,ds001894,sub-011,Female,right,13.14,108,13,125,13500,1419.1200000000001,1642.5,177390,1625,170.82,21352.5,1,0.917,0.958,1,1,0,NA,5.217895298004151,3.197820303440094,4.319629721641541,6.144515797962764,3.6883498559384282,4.940465948130534
ds001894_sub-0012,ds001894,sub-012,Female,right,12.33,109,10,94,10246,1343.97,1159.02,126333.18000000001,940,123.3,11590.2,0.667,0.292,0.625,0.375,0.521,0.29200000000000004,NA,1.360970137119293,2.0832394504547116,1.7076130592823031,1.4880365236819615,2.327209318365884,1.9623292133889292
ds001894_sub-0013,ds001894,sub-013,Female,right,9.68,99,10,104,10296,958.3199999999999,1006.72,99665.28,1040,96.8,10067.199999999999,0.917,0.5,0.583,0.875,0.896,0.04200000000000004,NA,1.2546323215961455,0.8209176144003867,1.9841618525981906,1.4518334539395463,0.8004450399161368,2.272358021753901
ds001894_sub-0014,ds001894,sub-014,Female,right,10.45,113,13,118,13334,1180.85,1233.1,139340.3,1534,135.85,16030.3,0.875,0.333,0.875,0.833,0.854,0.04200000000000004,NA,4.184647612571716,3.4548385310173035,2.1860199046134947,4.732608672256494,4.049523166071887,2.5371218342905535
ds001894_sub-0016,ds001894,sub-016,Male,right,13.62,102,13,116,11832,1389.24,1579.9199999999998,161151.84,1508,177.06,20538.96,1,0.792,1,0.958,0.979,0.04200000000000004,NA,4.256635310649871,2.3140262162685397,7.742095918655396,4.980313955216689,2.7971022068104334,8.546938427115123
ds001894_sub-0017,ds001894,sub-017,Female,right,13.64,107,11,116,12412,1459.48,1582.24,169299.68,1276,150.04000000000002,17404.64,0.917,0.75,0.875,0.958,0.938,0.04099999999999992,NA,2.555906627178192,0.7990211346745489,2.082902072668076,2.906706332022986,0.8021729216768286,2.371708110077313
ds001894_sub-0018,ds001894,sub-018,Male,right,14.38,124,13,113,14012,1783.1200000000001,1624.94,201492.56,1469,186.94,21124.22,0.75,0.875,0.875,0.708,0.729,0.04200000000000004,NA,2.4655295705795286,1.6498245203495021,5.166438508033752,2.719079751675765,1.7718261116720098,5.817136668935567
ds001894_sub-0019,ds001894,sub-019,Female,right,10.03,110,11,118,12980,1103.3,1183.54,130189.4,1298,110.33,13018.939999999999,0.917,0.667,1,0.958,0.938,0.04099999999999992,NA,2.5703014564514164,2.313211215734482,2.1393877470493314,2.9981498137754414,2.680552473976389,2.563323649319628
ds001894_sub-0020,ds001894,sub-020,Male,right,11.92,100,8,97,9700,1192,1156.24,115624,776,95.36,9249.92,0.833,0.292,0.792,0.5,0.667,0.33299999999999996,NA,3.074063925743103,0.8527469086647036,3.406234202384949,3.7096469327377055,0.9006453370995154,4.0351026878502205
ds001894_sub-0022,ds001894,sub-022,Female,right,10.65,116,12,103,11948,1235.4,1096.95,127246.2,1236,127.80000000000001,13163.4,0.833,0.542,1,0.833,0.833,0,NA,2.4873593127727505,2.3912064623832703,2.4976749014854427,2.856049258858241,2.7821609259159743,2.809348272618217
ds001894_sub-0023,ds001894,sub-023,Female,right,10.64,96,10,100,9600,1021.44,1064,102144,1000,106.4,10640,0.833,0.667,0.625,0.833,0.833,0,NA,3.3530583024024967,1.7038427770137787,4.007066993713379,3.8889770938412758,1.927277258614708,4.686350366264834
ds001894_sub-0025,ds001894,sub-025,Female,right,12.33,105,8,112,11760,1294.65,1380.96,145000.8,896,98.64,11047.68,0.958,0.708,0.792,0.833,0.896,0.125,NA,2.7910727429389954,1.2954270774126058,2.160498456954956,3.2293368116128978,1.4010920473276207,2.3303367636817334
ds001894_sub-0026,ds001894,sub-026,Female,right,10.79,103,9,113,11639,1111.37,1219.27,125584.80999999998,1017,97.10999999999999,10973.429999999998,1,0.625,1,0.875,0.938,0.125,NA,1.769147785902023,1.444073306322098,3.202079961299896,2.018862477488379,1.6132118605936634,3.63046385406996
ds001894_sub-0027,ds001894,sub-027,Female,right,10.8,143,14,107,15301,1544.4,1155.6000000000001,165250.80000000002,1498,151.20000000000002,16178.400000000001,1,0.917,0.958,0.917,0.958,0.08299999999999996,NA,5.946977248191834,1.9291193699836726,5.080861763954163,6.779033523667192,2.194584671859502,5.824819604514423
ds001894_sub-0029,ds001894,sub-029,Male,right,9.09,112,13,115,12880,1018.0799999999999,1045.35,117079.2,1495,118.17,13589.55,0.875,0.708,1,1,0.938,0.125,NA,4.089091908931732,2.682057394981384,4.04430222272873,4.81218862706158,3.2662335561680003,4.825632574221271
ds001894_sub-0030,ds001894,sub-030,Male,right,10.87,113,11,110,12430,1228.31,1195.6999999999998,135114.09999999998,1210,119.57,13152.699999999999,0.958,0.792,0.875,0.958,0.958,0,NA,1.74923082113266,0.7523280787467956,2.7734500861167906,1.9793881830465785,0.7603217610723679,3.0248366741912287
ds001894_sub-0032,ds001894,sub-032,Male,right,9.14,113,12,109,12317,1032.8200000000002,996.2600000000001,112577.38,1308,109.68,11955.12,0.75,0.25,0.875,0.5,0.625,0.25,NA,2.5401035356521606,1.4233781695365908,1.8590863049030302,2.997069956017724,1.5672839875795812,2.140276253374617
ds001894_sub-0035,ds001894,sub-035,Female,right,8.93,94,10,110,10340,839.42,982.3,92336.2,1100,89.3,9823,0.833,0.333,0.625,0.875,0.854,0.04200000000000004,NA,2.9461866807937627,2.027313402891159,2.36837987780571,3.470212415517272,2.349351901816666,2.7136124781375512
ds001894_sub-0036,ds001894,sub-036,Female,right,10.19,124,14,119,14756,1263.56,1212.61,150363.63999999998,1666,142.66,16976.54,1,0.875,0.958,1,1,0,NA,2.1044001841545104,2.0354782342910767,3.096133801937103,2.389427901135418,2.2190600387205763,3.6519430557762615
ds001894_sub-0037,ds001894,sub-037,Male,right,11.07,103,12,97,9991,1140.21,1073.79,110600.37000000001,1164,132.84,12885.48,0.917,0.5,0.667,0.833,0.875,0.08400000000000007,NA,3.215789177417755,1.5606583440303803,2.694563775062561,3.766093976829637,1.7304579925680625,3.04691065832672
ds001894_sub-0038,ds001894,sub-038,Male,right,11.26,113,13,119,13447,1272.3799999999999,1339.94,151413.22,1547,146.38,17419.22,0.917,0.5,0.875,1,0.958,0.08299999999999996,NA,2.9785952806472777,0.9734756416082382,2.690206034183502,3.4560138769214435,1.0659953563669737,3.1536743511161984
ds001894_sub-0039,ds001894,sub-039,Male,right,10.3,108,11,122,13176,1112.4,1256.6000000000001,135712.80000000002,1342,113.30000000000001,13822.6,0.958,0.458,1,0.917,0.938,0.04099999999999992,NA,3.28551739692688,1.2814800643920896,3.365160689353943,3.9369545791503078,1.4415178270782172,3.6634986833003413
ds001894_sub-0040,ds001894,sub-040,Male,right,11.48,95,9,106,10070,1090.6000000000001,1216.88,115603.6,954,103.32000000000001,10951.92,0.792,0.375,0.708,0.583,0.688,0.20900000000000007,NA,2.752898722887039,1.298265320360661,2.114857430458069,3.2008079478746385,1.4042393062783476,2.449679594181408
ds001894_sub-0041,ds001894,sub-041,Male,right,10.01,102,18,113,11526,1021.02,1131.1299999999999,115375.26,2034,180.18,20360.34,0.833,0.125,0.833,0.542,0.688,0.2909999999999999,NA,2.1445632898807525,1.9592162060737612,2.7863913941383367,2.465296898529482,2.2192653337927464,3.0284520096322294
ds001894_sub-0043,ds001894,sub-043,Female,right,12.55,101,8,103,10403,1267.5500000000002,1292.65,130557.65000000001,824,100.4,10341.2,1,0.292,0.833,0.792,0.896,0.20799999999999996,NA,1.9642854547500608,0.6871437063813209,2.468230723142624,2.211110770503406,0.7271088805240947,2.7309880460317477
ds001894_sub-0044,ds001894,sub-044,Female,right,12.46,106,11,115,12190,1320.76,1432.9,151887.40000000002,1265,137.06,15761.900000000001,1,0.542,1,0.917,0.958,0.08299999999999996,NA,4.401645097732544,2.39215322971344,3.81059042930603,5.352234397363873,2.762156252281094,4.264141473459063
ds001894_sub-0045,ds001894,sub-045,Female,right,12.12,98,7,107,10486,1187.76,1296.84,127090.31999999999,749,84.83999999999999,9077.88,0.667,0.25,0.75,0.458,0.562,0.209,NA,4.911132335662842,3.1250382852554326,3.7063836741447456,5.547303903741698,3.521704402683518,4.251081210608119
ds001894_sub-0046,ds001894,sub-046,Male,right,10.48,109,11,115,12535,1142.32,1205.2,131366.80000000002,1265,115.28,13257.2,1,0.667,1,1,1,0,NA,2.502699422836304,1.271929914355278,2.612087070941925,2.923267134615286,1.4641289639578723,3.4744542221645616
ds001894_sub-0048,ds001894,sub-048,Female,right,8.16,119,13,119,14161,971.04,971.04,115553.76,1547,106.08,12623.52,0.958,0.167,0.917,0.833,0.896,0.125,NA,2.517514817714691,1.7336911714076995,2.894794795513153,2.98571883178324,1.831605988102919,3.4709863097636267
ds001894_sub-0050,ds001894,sub-050,Male,right,12.43,98,11,106,10388,1218.1399999999999,1317.58,129122.84,1166,136.73,14493.38,0.917,0.708,0.958,0.958,0.938,0.04099999999999992,NA,4.283574936389924,2.7863407516479497,2.8965941977500917,4.993700164413857,3.218927976738193,3.156639146971155
ds001894_sub-0052,ds001894,sub-052,Female,right,10.12,100,12,97,9700,1011.9999999999999,981.6399999999999,98163.99999999999,1164,121.44,11779.679999999998,0.833,0.5,0.875,0.833,0.833,0,NA,3.3461758422851564,2.2019775700569157,1.8433540463447569,3.969726767337093,2.513969378195508,2.1354619024518806
ds001894_sub-0053,ds001894,sub-053,Female,right,11.48,103,11,71,7313,1182.44,815.08,83953.24,781,126.28,8965.880000000001,0.917,0.333,0.958,0.958,0.938,0.04099999999999992,NA,4.558801553249359,2.1836636412143706,3.960102770328522,5.430929333938179,2.4591041901157578,4.491409671114674
ds001894_sub-0054,ds001894,sub-054,Male,right,8.69,96,7,95,9120,834.24,825.55,79252.79999999999,665,60.83,5778.8499999999995,0.708,0.417,0.542,0.5,0.604,0.20799999999999996,NA,1.9881648159027099,2.6191681635379793,4.21521235704422,2.3897246313369376,3.093239444574952,4.932582612503317
ds001894_sub-0055,ds001894,sub-055,Male,right,11.4,114,12,121,13794,1299.6000000000001,1379.4,157251.6,1452,136.8,16552.8,0.958,0.75,0.958,0.875,0.917,0.08299999999999996,NA,3.1193438458442695,1.4355757987499238,2.859022462368012,3.6736318037326545,1.61967391214124,3.2157837790328174
ds001894_sub-0056,ds001894,sub-056,Male,right,11.2,114,13,113,12882,1276.8,1265.6,144278.4,1469,145.6,16452.8,1,0.833,1,0.917,0.958,0.08299999999999996,NA,2.5488429713249205,1.5593104016780854,4.487629232406617,3.0071355202082724,1.7102816125593219,5.105880640893087
ds001894_sub-0057,ds001894,sub-057,Female,right,13.53,95,11,110,10450,1285.35,1488.3,141388.5,1210,148.82999999999998,16371.3,1,0.375,0.958,0.875,0.938,0.125,NA,3.412394502162933,3.019968552589416,4.283806903362274,3.969121915507486,3.473272441240017,4.767695168412258
ds001894_sub-0058,ds001894,sub-058,Female,right,11.29,92,8,116,10672,1038.6799999999998,1309.6399999999999,120486.87999999999,928,90.32,10477.119999999999,1,0.375,0.833,0.792,0.896,0.20799999999999996,NA,5.290582113265991,2.4946951735019685,5.041349802017212,6.260652931140753,2.828223579776524,5.781397354955121
ds001894_sub-0059,ds001894,sub-059,Female,right,8.62,127,12,121,15367,1094.74,1043.02,132463.53999999998,1452,103.44,12516.239999999998,0.917,0.667,0.583,1,0.958,0.08299999999999996,NA,2.054979977607727,1.5173134422302246,3.7041847825050356,2.351458254918821,1.648391857236288,4.357508528690747
ds001894_sub-0060,ds001894,sub-060,Female,right,13.75,120,13,107,12840,1650,1471.25,176550,1391,178.75,19126.25,1,0.792,1,0.917,0.958,0.08299999999999996,NA,2.673016600608826,0.9756411066651345,2.466111488342285,2.982607237929834,1.0407403104831294,2.7259257192885555
ds001894_sub-0061,ds001894,sub-061,Female,right,9.69,111,15,107,11877,1075.59,1036.83,115088.12999999999,1605,145.35,15552.449999999999,1,0.333,0.958,0.917,0.958,0.08299999999999996,NA,3.515414850711822,1.4843575191497802,3.7499469280242916,4.01983922600379,1.645086039778316,4.355812886566576
ds001894_sub-0062,ds001894,sub-062,Female,right,9.28,117,10,121,14157,1085.76,1122.8799999999999,131376.96,1210,92.8,11228.8,0.917,0.75,0.958,0.958,0.938,0.04099999999999992,NA,4.775166525840759,1.816399725675583,7.359054608345031,5.529510525308914,1.9965014354633375,8.360209328085636
ds001894_sub-0063,ds001894,sub-063,Male,right,10.12,117,11,107,12519,1184.04,1082.84,126692.27999999998,1177,111.32,11911.24,0.792,0.25,0.792,0.833,0.812,0.04099999999999992,NA,2.4378378987312317,1.3621213567256925,2.8630540299415586,2.823644401206641,1.4713503227368405,3.4138832924855578
ds001894_sub-0066,ds001894,sub-066,Female,right,9.87,86,6,103,8858,848.8199999999999,1016.6099999999999,87428.45999999999,618,59.22,6099.66,0.917,0.167,0.583,0.875,0.896,0.04200000000000004,NA,1.221380044221878,2.0745321047306056,2.464546511173248,1.4513945264968706,2.296141283310341,2.810660447638584
ds001894_sub-0067,ds001894,sub-067,Female,right,9.39,80,6,106,8480,751.2,995.34,79627.20000000001,636,56.34,5972.04,0.875,0,0.708,0.5,0.688,0.375,NA,3.953454630374908,1.2453661632537842,1.9835371637344363,4.786959415520581,1.3868589397748765,2.2794138630769694
ds001894_sub-0068,ds001894,sub-068,Male,right,10.84,85,5,107,9095,921.4,1159.8799999999999,98589.8,535,54.2,5799.4,0.708,0.458,0.708,0.625,0.667,0.08299999999999996,NA,2.839242231845856,1.4904690790176391,2.228489065170288,3.6457428210228833,1.6640305610482087,2.4928205490629263
ds001894_sub-0070,ds001894,sub-070,Male,right,10.74,91,13,107,9737,977.34,1149.18,104575.38,1391,139.62,14939.34,0.75,0.458,0.667,0.667,0.708,0.08299999999999996,NA,5.341792998313904,3.110288877487183,3.720558924674988,6.216688033106714,3.5542541244475787,4.333938373363307
ds001894_sub-0071,ds001894,sub-071,Male,right,10.91,83,12,104,8632,905.53,1134.64,94175.12,1248,130.92000000000002,13615.68,0.625,0.625,0.458,0.708,0.667,0.08299999999999996,NA,2.15686823964119,1.104669405221939,3.943492271900177,2.485954367991365,1.249590003419737,4.526723628286079
ds001894_sub-0074,ds001894,sub-074,Male,right,9.8,90,7,116,10440,882.0000000000001,1136.8000000000002,102312.00000000001,812,68.60000000000001,7957.6,0.833,0.333,0.708,0.625,0.729,0.20799999999999996,NA,2.8117764830589294,0.8686770349740982,2.4264591133594515,3.402117592749264,0.9026349428916737,2.859044363677556
ds001894_sub-0075,ds001894,sub-075,Male,right,10.25,79,11,110,8690,809.75,1127.5,89072.5,1210,112.75,12402.5,0.792,0.5,0.542,0.667,0.729,0.125,NA,4.0535421609878535,2.9124008154869077,3.407237408161164,4.702005776080589,3.2889565349301373,3.783640299060107
ds001894_sub-0076,ds001894,sub-076,Male,right,12.66,101,12,106,10706,1278.66,1341.96,135537.96,1272,151.92000000000002,16103.52,0.958,0.875,0.958,0.958,0.958,0,NA,4.253057217597961,3.493881196975708,3.1803455114364625,5.266683031790553,4.061617298084705,3.6463966255249387
ds001894_sub-0077,ds001894,sub-077,Female,right,8.59,94,14,118,11092,807.46,1013.62,95280.28,1652,120.25999999999999,14190.68,0.833,0.5,0.833,0.833,0.833,0,NA,4.002184014320374,2.2765424609184266,3.2528077387809753,4.7573542929771735,2.5116114518149866,3.7811441799006036
ds001894_sub-0081,ds001894,sub-081,Male,right,10.91,91,9,92,8372,992.8100000000001,1003.72,91338.52,828,98.19,9033.48,0.583,0.625,0.708,0.542,0.562,0.04099999999999992,NA,2.2164898288249972,1.1405299431085585,2.4093588328361513,2.6628210202006914,1.2724083934836736,2.787666826796054
ds001894_sub-0082,ds001894,sub-082,Female,right,12.46,91,4,100,9100,1133.8600000000001,1246,113386.00000000001,400,49.84,4984,0.708,0.792,0.458,0.958,0.833,0.25,NA,3.2785825419425962,1.2314517605304718,3.125790133476258,3.8952975645322843,1.3566698107774235,3.5502882348828746
ds001894_sub-0084,ds001894,sub-084,Female,right,12.46,92,4,91,8372,1146.3200000000002,1133.8600000000001,104315.12000000001,364,49.84,4535.4400000000005,0.833,0.875,0.75,0.875,0.854,0.04200000000000004,NA,2.084977842569351,1.9970518898963927,2.5673272848129267,2.438685162548098,2.280101968710855,3.027122548872399
ds001894_sub-0085,ds001894,sub-085,Female,right,13.42,95,9,110,10450,1274.9,1476.2,140239,990,120.78,13285.8,0.917,0.792,0.917,0.958,0.938,0.04099999999999992,NA,3.869229063987732,1.1410109788179397,3.288662140369416,4.440985266479406,1.2497401003759903,3.8130213690391943
ds001894_sub-0086,ds001894,sub-086,Male,right,11.37,92,10,74,6808,1046.04,841.38,77406.95999999999,740,113.69999999999999,8413.8,0.958,0.625,0.792,0.917,0.938,0.04099999999999992,NA,6.405705094337463,2.1748487877845766,10.811973438262942,7.430561421500938,2.585298610417861,11.846968120717662
ds001894_sub-0087,ds001894,sub-087,Female,right,12.18,85,8,116,9860,1035.3,1412.8799999999999,120094.8,928,97.44,11303.039999999999,0.708,0.5,0.542,0.917,0.812,0.20900000000000007,NA,1.5871345734596252,1.321868243217468,1.404082379341126,1.8898953923526012,1.5130176646228555,1.5202069721617366
ds001894_sub-0089,ds001894,sub-089,Female,right,9.79,93,14,104,9672,910.4699999999999,1018.1599999999999,94688.87999999999,1456,137.06,14254.239999999998,0.875,0.292,0.792,0.792,0.833,0.08299999999999996,NA,2.3758493494987483,0.4500095328688622,2.0508611989021297,2.7650924468271243,0.40759518120766786,2.2047364554133146
ds001894_sub-0090,ds001894,sub-090,Male,right,9.08,86,11,130,11180,780.88,1180.4,101514.4,1430,99.88,12984.4,0.542,0.375,0.583,0.458,0.5,0.08400000000000002,NA,2.7433937430381774,2.1833066582679743,3.636477494239807,3.386183390601681,2.5635375815427768,4.202852403030597
ds001894_sub-0091,ds001894,sub-091,Male,right,11.05,62,10,110,6820,685.1,1215.5,75361,1100,110.5,12155,0.875,0,0.458,0.583,0.729,0.29200000000000004,NA,3.0314845299720763,0.40679808840155607,2.0189014983177187,3.7011042853565366,0.41147566113682843,2.5290908265451915
ds001894_sub-0093,ds001894,sub-093,Female,right,11.51,93,10,118,10974,1070.43,1358.18,126310.73999999999,1180,115.1,13581.8,0.833,0.542,0.75,0.958,0.896,0.125,NA,2.648715131282806,1.082474880218506,2.7782660627365114,3.0419599990983417,1.1454827395043605,3.4704240360118446
ds001894_sub-0094,ds001894,sub-094,Male,right,9.39,91,10,80,7280,854.49,751.2,68359.2,800,93.9,7512,0.792,0.333,0.75,0.542,0.667,0.25,NA,2.8347381830215457,1.3471721434593198,1.8829111981391906,3.301823465830048,1.5235935806669112,2.083165359594926
ds001894_sub-0096,ds001894,sub-096,Female,right,11.85,79,10,100,7900,936.15,1185,93615,1000,118.5,11850,0.875,0.042,0.375,0.583,0.729,0.29200000000000004,NA,2.383328156471252,2.0488650691509243,5.235453357696533,2.7636019999911614,2.291788743287168,5.727975433291113
ds001894_sub-0098,ds001894,sub-098,Male,right,13.34,87,6,86,7482,1160.58,1147.24,99809.88,516,80.03999999999999,6883.44,1,0.292,0.833,0.75,0.875,0.25,NA,4.239008793830871,2.9588430857658383,6.0877160501480105,4.850593940376691,3.4080397879198414,6.9910294531950035
ds001894_sub-0101,ds001894,sub-101,Male,right,9.89,101,12,128,12928,998.8900000000001,1265.92,127857.92000000001,1536,118.68,15191.04,0.875,0.417,0.917,0.458,0.667,0.417,NA,2.376481060981751,1.6422561442852024,4.802588193416595,2.8147004390167103,1.8153675835514187,5.47326991988851
ds001894_sub-0102,ds001894,sub-102,Male,right,11.48,101,11,106,10706,1159.48,1216.88,122904.88,1166,126.28,13385.68,0.917,0.417,0.958,0.458,0.688,0.459,NA,3.8544333219528193,0.9579748791456224,1.9473097765445706,4.604870236032855,1.0517606040340661,2.2495161520626947
ds001894_sub-0108,ds001894,sub-108,Male,right,9.85,91,10,98,8918,896.35,965.3,87842.3,980,98.5,9653,0.875,0.333,0.417,0.75,0.812,0.125,NA,3.0956733727455146,1.402604750394821,3.2161941981315616,3.7854970917454533,1.5372111571110056,3.748374215394055
ds001894_sub-0110,ds001894,sub-110,Female,right,9.91,89,9,116,10324,881.99,1149.56,102310.84,1044,89.19,10346.04,0.708,0.25,0.75,0.417,0.562,0.291,NA,1.3358510482311248,0.88761363089084655,4.489171350002288,1.5889352163588446,0.9619510157377404,4.9659108844152735
ds001894_sub-0111,ds001894,sub-111,Male,right,10.35,80,9,71,5680,828,734.85,58788,639,93.14999999999999,6613.65,0.917,0.042,0.292,0.75,0.833,0.16700000000000004,NA,3.07919071674347,2.6684911131858824,3.764830400943756,3.5695171823463125,3.111143658718367,4.0246706511217365
ds001894_sub-0112,ds001894,sub-112,Male,right,13.72,82,6,71,5822,1125.04,974.12,79877.84,426,82.32000000000001,5844.72,0.875,0.208,0.458,0.875,0.875,0,NA,5.272710099220276,0.7908041828870772,2.47577187538147,6.279439507061195,0.8121834792163444,2.9657165077407464
ds001894_sub-0115,ds001894,sub-115,Male,right,11.83,86,5,107,9202,1017.38,1265.81,108859.66,535,59.15,6329.05,0.667,0.542,0.667,0.833,0.75,0.16599999999999993,NA,4.377592186927795,2.826813275814056,3.5827129387855527,5.002894284196797,3.2180841775887323,4.090769793445263
ds001894_sub-0116,ds001894,sub-116,Female,right,10.9,86,12,116,9976,937.4,1264.4,108738.40000000001,1392,130.8,15172.800000000001,0.875,0.333,0.667,0.542,0.708,0.33299999999999996,NA,2.1872402775287623,1.4610870540142054,2.2414936196804045,2.4778573139572377,1.586303291513683,2.5091612457588846
ds001894_sub-0117,ds001894,sub-117,Male,right,13.04,90,7,106,9540,1173.6,1382.24,124401.59999999999,742,91.28,9675.679999999998,0.917,0.5,0.833,0.875,0.896,0.04200000000000004,NA,2.348158147335052,0.798362335562706,1.6930663239955903,2.7344891040044756,0.8544287033272199,1.9028926166165259
ds001894_sub-0119,ds001894,sub-119,Female,right,8.93,78,7,110,8580,696.54,982.3,76619.4,770,62.51,6876.0999999999995,0.583,0.5,0.625,0.542,0.562,0.04099999999999992,NA,1.441671768426895,1.0934191262722015,2.263201531171798,1.7514156410735398,1.190527597875356,2.6552045350040934
ds001894_sub-0120,ds001894,sub-120,Female,right,9.69,81,7,100,8100,784.89,969,78489,700,67.83,6783,0.667,0.417,0.583,0.417,0.542,0.25000000000000006,NA,4.44267264842987,2.0996731531620028,4.29873886346817,5.217790124983823,2.6212551882064465,4.8845554952396935
ds001894_sub-0123,ds001894,sub-123,Male,right,13.78,88,8,86,7568,1212.6399999999999,1185.08,104287.04,688,110.24,9480.64,1,0.542,0.917,0.833,0.917,0.16700000000000004,NA,4.573256096839905,1.1943296086788173,5.874866662025451,5.355565119794313,1.2930833264271233,6.4459848571781695
ds001894_sub-0125,ds001894,sub-125,Female,right,13.72,76,5,95,7220,1042.72,1303.4,99058.40000000001,475,68.60000000000001,6517,0.875,0.417,0.375,0.917,0.896,0.04200000000000004,NA,1.383432903289795,1.0703289246559144,0.886569750905037,1.5790554034136062,1.1983148833680608,1.0273745544840591
ds001894_sub-0127,ds001894,sub-127,Male,right,11.02,97,6,107,10379,1068.94,1179.1399999999999,114376.58,642,66.12,7074.84,0.708,0.667,0.708,0.833,0.771,0.125,NA,3.7199105334281914,2.7242313551902777,4.969972004890442,4.601233587244741,3.035841382882516,5.548237428234448
ds001894_sub-0128,ds001894,sub-128,Female,right,11.17,118,10,107,12626,1318.06,1195.19,141032.42,1070,111.7,11951.9,0.917,0.708,0.958,1,0.958,0.08299999999999996,NA,5.67460955619812,2.5023406565189363,3.3801866388320922,6.383845453684492,2.921779476484311,3.8395809268502785
ds001894_sub-0131,ds001894,sub-131,Female,right,8.29,104,7,77,8008,862.1599999999999,638.3299999999999,66386.31999999999,539,58.029999999999994,4468.3099999999995,0.958,0.25,0.75,0.625,0.792,0.33299999999999996,NA,1.861828727722168,2.178594506978989,1.0661129540204999,2.1692242459473987,2.5645221760919465,1.247975046451947
ds001894_sub-0132,ds001894,sub-132,Male,right,10.3,110,9,103,11330,1133,1060.9,116699.00000000001,927,92.7,9548.1,0.917,0.25,0.875,0.75,0.833,0.16700000000000004,NA,3.2342532396316526,1.6715487360954284,2.0805270648002625,3.902191669635158,1.927692437171562,2.200373901716825
ds001894_sub-0133,ds001894,sub-133,Male,right,13.7,100,10,113,11300,1370,1548.1,154810,1130,137,15481,0.833,0.417,0.458,0.958,0.896,0.125,NA,3.00258246421814,2.77099814414978,1.96333677649498,3.3733626460409623,3.18549078705139,2.327681941192583
ds001894_sub-0134,ds001894,sub-134,Female,right,11.12,101,9,100,10100,1123.12,1112,112311.99999999999,900,100.08,10008,0.958,0.625,0.958,0.833,0.896,0.125,NA,2.92597275018692,1.9969656646251677,1.7689665925502776,3.4705774848914337,2.2467711000778334,1.9733302819808294
ds001894_sub-0135,ds001894,sub-135,Male,right,9.32,125,7,133,16625,1165,1239.56,154945,931,65.24000000000001,8676.92,0.917,0.708,0.958,0.958,0.938,0.04099999999999992,NA,0.948768181204796,0.966781978607178,1.7498284208774566,1.0575333221498668,1.0214575385760847,2.1681580689238222
ds001894_sub-0136,ds001894,sub-136,Male,right,11.59,93,11,115,10695,1077.87,1332.85,123955.05,1265,127.49,14661.35,0.792,0.5,0.792,0.875,0.833,0.08299999999999996,NA,3.73356733083725,1.4976015639305111,3.3760910367965704,4.4914450870371505,1.697324516799457,3.9167016135834616
ds001894_sub-0138,ds001894,sub-138,Male,right,12.27,125,12,119,14875,1533.75,1460.1299999999999,182516.25,1428,147.24,17521.559999999998,0.875,0.75,0.833,1,0.938,0.125,NA,3.049784841537476,2.3977000188827513,4.009592218399048,3.580305919293526,2.730734216945672,4.594912182317198
ds001894_sub-0139,ds001894,sub-139,Female,right,9.02,108,14,124,13392,974.16,1118.48,120795.84,1736,126.28,15658.72,0.625,0.333,0.542,0.833,0.729,0.20799999999999996,NA,3.7611917686462397,2.0197293627262116,5.639905052185059,4.411894601064354,2.32429083359015,6.5836674631258925
ds001894_sub-0140,ds001894,sub-140,Male,right,11.85,98,12,101,9898,1161.3,1196.85,117291.3,1212,142.2,14362.199999999999,0.833,0.583,0.75,0.792,0.812,0.04099999999999992,NA,3.9830860114097595,2.0628775310516363,3.6973485469818113,4.736219319498781,2.334633029641855,4.390543620222975
ds001894_sub-0141,ds001894,sub-141,Male,right,8.7,109,10,110,11990,948.3,956.9999999999999,104312.99999999999,1100,87,9570,0.667,0.083,0.458,0.375,0.521,0.29200000000000004,NA,2.473697159290314,2.1906293427944186,3.614388887882233,2.9423352401509857,2.4235661558935884,4.135038373660676
ds001894_sub-0143,ds001894,sub-143,Female,right,9.46,102,7,121,12342,964.9200000000001,1144.66,116755.32,847,66.22,8012.620000000001,0.875,0.708,0.875,0.75,0.812,0.125,NA,2.304379836320877,1.2015942203998569,2.7132396900653837,2.6368140251546475,1.30446611709131,3.008416491701278
ds001894_sub-0144,ds001894,sub-144,Female,right,9.04,116,12,128,14848,1048.6399999999999,1157.12,134225.91999999998,1536,108.47999999999999,13885.439999999999,0.958,0.542,0.833,0.875,0.917,0.08299999999999996,NA,1.321501911878586,0.8435643774271011,3.415518071651458,1.5821173560895296,0.931274400116882,3.9838968989177546
ds001894_sub-0146,ds001894,sub-146,Male,right,11.88,96,9,101,9696,1140.48,1199.88,115188.48000000001,909,106.92,10798.92,0.708,0.542,0.583,0.917,0.812,0.20900000000000007,NA,1.7060233938694003,0.9834113687276841,2.4545031559467314,1.9529410805665488,1.0351254457263142,2.806469487526238
ds001894_sub-0148,ds001894,sub-148,Female,right,9.78,115,11,110,12650,1124.6999999999998,1075.8,123716.99999999999,1210,107.58,11833.8,0.958,0.375,0.958,0.958,0.958,0,NA,1.2092603474855421,1.1978287911415095,5.070298953056335,1.4004002559737032,1.3112231609676483,6.001003408719668
ds001894_sub-0150,ds001894,sub-150,Male,right,12.55,99,8,106,10494,1242.45,1330.3000000000002,131699.7,848,100.4,10642.400000000001,0.875,0.458,0.833,0.542,0.708,0.33299999999999996,NA,3.790159649848938,2.7356092858314516,5.497413849830627,4.340894481382338,3.2313705758860665,6.6235513466757965
ds001894_sub-0152,ds001894,sub-152,Female,right,10.42,92,8,106,9752,958.64,1104.52,101615.84,848,83.36,8836.16,0.875,0.208,0.625,0.458,0.667,0.417,NA,3.4762149524688724,2.840183100700379,2.765532395839691,4.17864162311321,3.34020389230895,3.20231881296322
ds001894_sub-0157,ds001894,sub-157,Female,right,8.99,89,7,100,8900,800.11,899,80011,700,62.93,6293,0.667,0.458,0.708,0.667,0.667,0,NA,3.3373483347892763,1.3770248365402225,3.5560404062271114,3.9553209109417087,1.567297313311377,4.27093433703632
ds001894_sub-0159,ds001894,sub-159,Male,right,8.47,102,10,79,8058,863.94,669.13,68251.26000000001,790,84.7,6691.3,0.708,0.458,0.667,0.833,0.771,0.125,NA,3.653347225189209,1.7741343450546263,4.9240776014328,4.4734902255944755,1.970920898466665,5.498163840943144
ds001894_sub-0160,ds001894,sub-160,Female,right,11.96,127,12,104,13208,1518.92,1243.8400000000001,157967.68000000002,1248,143.52,14926.080000000002,0.917,0.75,1,0.958,0.938,0.04099999999999992,NA,4.210906074047088,3.6831709671020505,4.094329874515533,4.884711266927249,4.237206801830875,4.750386662188305
ds001894_sub-0161,ds001894,sub-161,Female,right,11.25,98,7,100,9800,1102.5,1125,110250,700,78.75,7875,1,0.583,0.917,0.917,0.958,0.08299999999999996,NA,4.178120620250702,1.4327583217620847,3.4483228302001954,4.986956958248302,1.5843434715688696,4.010720089882443
ds001894_sub-0162,ds001894,sub-162,Male,right,12.29,89,4,86,7654,1093.81,1056.9399999999998,94067.65999999999,344,49.16,4227.759999999999,0.75,0.417,0.667,0.958,0.854,0.20799999999999996,NA,3.4865202426910398,1.8661701303720475,1.6232284677028652,4.166721477164856,2.119444314838074,1.8215534683322656
ds001894_sub-0163,ds001894,sub-163,Female,right,10.24,97,8,100,9700,993.28,1024,99328,800,81.92,8192,0.958,0.458,0.875,0.833,0.896,0.125,NA,3.593338091373443,2.7568077135086066,4.235288455486298,4.19780878535394,3.094993017580439,4.936678488343806
ds001894_sub-0164,ds001894,sub-164,Male,right,13.56,98,12,92,9016,1328.88,1247.52,122256.96,1104,162.72,14970.24,1,0.75,0.875,1,1,0,NA,3.805500984191894,2.002662695646286,2.961438915729523,4.5265246753686466,2.4035469376288057,3.588711384673467
ds001894_sub-0165,ds001894,sub-165,Female,right,8.93,113,13,100,11300,1009.0899999999999,893,100909,1300,116.09,11609,0.833,0.75,0.375,0.958,0.896,0.125,NA,3.535020184516907,2.7216667604446405,3.9528771829605103,4.367760897215715,3.0959650149702074,4.594697152469033
ds001894_sub-0167,ds001894,sub-167,Female,right,9.45,101,15,121,12221,954.4499999999999,1143.4499999999998,115488.45,1815,141.75,17151.75,0.708,0.458,0.625,0.875,0.792,0.16700000000000004,NA,4.589665641784668,3.401768231391907,4.539901316165924,5.4375930842672,3.9770392017411558,5.554881609909528
ds001894_sub-0168,ds001894,sub-168,Female,right,10.82,117,12,116,13572,1265.94,1255.1200000000001,146849.04,1392,129.84,15061.44,0.75,0.583,0.667,0.792,0.771,0.04200000000000004,NA,1.784908093214035,1.8995851671695703,3.9209836935997013,2.023637957073887,2.0589206229431465,4.6876728961733996
ds001894_sub-0169,ds001894,sub-169,Male,right,9.06,100,6,109,10900,906,987.5400000000001,98754,654,54.36,5925.240000000001,0.792,0.542,0.458,0.625,0.708,0.16700000000000004,NA,2.3411978745460513,2.294313436746598,2.380879921913147,2.8901969098197258,2.61500994029614,2.648438963400849
ds001894_sub-0170,ds001894,sub-170,Male,right,10.09,89,6,97,8633,898.01,978.73,87106.97,582,60.54,5872.38,0.833,0.5,0.583,0.75,0.792,0.08299999999999996,NA,3.1938146543502812,1.3595594692230226,2.4094426631927486,3.8728671416927813,1.6026881285603543,2.7540416532770453
ds001894_sub-0174,ds001894,sub-174,Female,right,9.2,101,6,97,9797,929.1999999999999,892.4,90132.4,582,55.199999999999996,5354.4,0.833,0.375,0.708,0.875,0.854,0.04200000000000004,NA,4.213099343776703,3.2181155562400816,4.589739863872528,5.1766634393400865,3.647434955368449,5.171568569826152
ds001894_sub-0176,ds001894,sub-176,Female,right,8.21,96,8,77,7392,788.1600000000001,632.1700000000001,60688.32000000001,616,65.68,5057.360000000001,0.5,0.667,0.208,0.833,0.667,0.33299999999999996,NA,4.265301110744476,2.45166984796524,3.271140739917755,5.308485650876768,2.8999640501460937,3.929891552624147
ds001894_sub-0177,ds001894,sub-177,Male,right,13.53,73,4,110,8030,987.6899999999999,1488.3,108645.9,440,54.12,5953.2,0.583,0.542,0.458,0.708,0.646,0.125,NA,1.8983445477485652,1.1953092151880265,1.5258758020401004,2.213502994899404,1.3249765606133324,2.0328375074208513
ds001894_sub-0181,ds001894,sub-181,Female,right,9.35,98,13,118,11564,916.3,1103.3,108123.4,1534,121.55,14342.9,0.792,0.333,0.667,0.542,0.667,0.25,NA,3.8102738809585572,2.487217637300492,3.1439868664741515,4.5196002332379335,2.8259128628373653,3.71419130825294
ds001894_sub-0182,ds001894,sub-182,Male,right,8.77,82,8,110,9020,719.14,964.6999999999999,79105.4,880,70.16,7717.5999999999995,0.5,0.417,0.458,0.708,0.604,0.20799999999999996,NA,1.8989593684673307,0.9723561292886733,3.4542061424255373,2.32845849896631,1.0109043565812688,4.022762408322162
ds001894_sub-0184,ds001894,sub-184,Female,right,8.95,93,8,85,7905,832.3499999999999,760.7499999999999,70749.75,680,71.6,6085.999999999999,0.833,0.25,0.208,0.708,0.771,0.125,NA,1.1763853150606152,1.3974566733837128,3.1659902358055114,1.3879228453193282,1.554141941009171,3.7924142772754763
ds001894_sub-0185,ds001894,sub-185,Male,right,12.8,97,12,104,10088,1241.6000000000001,1331.2,129126.40000000001,1248,153.60000000000002,15974.400000000001,0.917,0.833,0.833,0.667,0.792,0.25,NA,3.412236230373382,2.550794810056686,4.3474023723602295,4.011274020581936,2.898545195445829,5.179337377990919
ds001894_sub-0186,ds001894,sub-186,Male,right,12.75,88,9,113,9944,1122,1440.75,126786,1017,114.75,12966.75,0.875,0.542,0.708,0.917,0.896,0.04200000000000004,NA,5.89781485080719,2.861550860404968,5.789128723144531,6.819314587258938,3.1969745861382224,6.647947152451842
ds001894_sub-0188,ds001894,sub-188,Female,right,7.95,124,16,115,14260,985.8000000000001,914.25,113367,1840,127.2,14628,0.875,0.792,0.875,0.875,0.875,0,NA,3.7167186498641964,2.999544801712036,3.1954984068870544,4.471965701946909,3.4477320884914993,3.5331661623884822
ds002236_sub-0001,ds002236,sub-01,Female,right,8.92,107,12,130,13910,954.4399999999999,1159.6,124077.2,1560,107.03999999999999,13915.2,0.958,0.833,0.958,0.958,0.958,0,NA,4.5056003570556635,3.259313533306122,6.060254755020141,5.289085257243717,3.7174732141315263,6.599998050107768
ds002236_sub-0002,ds002236,sub-02,Male,right,8.92,115,15,109,12535,1025.8,972.28,111812.2,1635,133.8,14584.2,0.792,0.792,0.583,0.958,0.875,0.16599999999999993,NA,1.8306507182121279,1.234846394658088,1.9561427140235899,2.1777700885176445,1.500017968885665,2.3410762694884273
ds002236_sub-0003,ds002236,sub-03,Male,right,10.67,118,14,104,12272,1259.06,1109.68,130942.24,1456,149.38,15535.52,0.875,0.833,0.625,0.917,0.896,0.04200000000000004,NA,3.7973383760452277,0.8701630735397338,2.837639827728271,4.299631257641141,1.155345305866064,3.0281331748255984
ds002236_sub-0004,ds002236,sub-04,Female,right,12.83,100,8,100,10000,1283,1283,128300,800,102.64,10264,0.958,0.833,0.542,0.917,0.938,0.04099999999999992,NA,2.9917225098609923,0.9671774107217788,5.3658385181427,3.560218745757572,1.2908045762830536,5.771211424325303
ds002236_sub-0006,ds002236,sub-06,Female,right,13.25,109,12,104,11336,1444.25,1378,150202,1248,159,16536,1,0.833,0.708,1,1,0,NA,3.32214891910553,1.4519875401258469,4.617375273704529,4.0005354829087105,1.703746830648407,5.027966292038196
ds002236_sub-0008,ds002236,sub-08,Female,right,10.83,118,8,109,12862,1277.94,1180.47,139295.46,872,86.64,9443.76,0.958,0.917,0.875,1,0.979,0.04200000000000004,NA,3.4193174695968627,1.7310388159751897,2.93420458316803,4.147800716652798,2.032025838427036,3.2844902000755076
ds002236_sub-0009,ds002236,sub-09,Female,right,12.67,107,9,94,10058,1355.69,1190.98,127434.86,846,114.03,10718.82,0.917,0.833,0.625,0.917,0.917,0,NA,5.179243969917297,2.9929324221611027,5.780636830329895,6.103280786082945,3.559630829947764,6.1018383374961225
ds002236_sub-0010,ds002236,sub-10,Female,right,14.5,104,12,79,8216,1508,1145.5,119132,948,174,13746,0.958,0.833,0.75,1,0.979,0.04200000000000004,NA,3.460856096744537,2.5976164579391483,4.264273774623871,4.1591554047442685,3.1564620918344755,4.41777072368403
ds002236_sub-0012,ds002236,sub-12,Male,right,9.17,110,11,109,11990,1008.7,999.53,109948.3,1199,100.87,10994.83,1,0.917,0.167,0.792,0.896,0.20799999999999996,NA,2.421424295902253,3.21407219171524,2.2472745466232302,3.2574107675923742,3.707485627710035,2.3726884415160545
ds002236_sub-0013,ds002236,sub-13,Male,right,12.83,106,9,79,8374,1359.98,1013.57,107438.42,711,115.47,9122.13,0.958,0.875,0.667,0.958,0.958,0,NA,2.7398688054084785,2.5751794767379756,6.0973561668395995,3.3065291165432136,3.293491007475172,6.501304952508875
ds002236_sub-0016,ds002236,sub-16,Male,right,9.17,117,7,94,10998,1072.89,861.98,100851.66,658,64.19,6033.86,0.958,0.792,0.75,0.792,0.875,0.16599999999999993,NA,1.3576263093948364,0.8754574662446976,2.3946142971515654,1.7775396140698663,1.1112120493967073,2.373771069485967
ds002236_sub-0017,ds002236,sub-17,Female,right,13.17,104,10,100,10400,1369.68,1317,136968,1000,131.7,13170,1,0.917,0.792,0.792,0.896,0.20799999999999996,NA,1.463940720558166,0.7432305485010147,3.1831552529335023,1.753527867742307,0.8665446868479965,3.3247868546107453
ds002236_sub-0021,ds002236,sub-21,Female,right,9.25,101,13,104,10504,934.25,962,97162,1352,120.25,12506,0.875,0.625,0.833,0.958,0.917,0.08299999999999996,NA,3.0711652660369873,1.736909972429275,2.819635050296783,4.037750414478707,2.0838214965199606,3.263367166118828
ds002236_sub-0022,ds002236,sub-22,Female,right,8.92,125,15,115,14375,1115,1025.8,128225,1725,133.8,15387,0.958,0.917,0.75,0.958,0.958,0,NA,4.566527380943299,2.2886901473999024,4.592993998527527,5.096809999046948,2.78535413467164,5.1762784509902104
ds002236_sub-0023,ds002236,sub-23,Female,right,8.67,103,12,100,10300,893.01,867,89301,1200,104.03999999999999,10404,0.958,0.875,0.208,0.875,0.917,0.08299999999999996,NA,2.741892287731171,1.0756138283014294,2.204900881052018,3.413295333627503,1.3792674068945925,2.3436001872050625
ds002236_sub-0024,ds002236,sub-24,Female,right,15.5,97,11,94,9118,1503.5,1457,141329,1034,170.5,16027,0.958,0.917,0.75,1,0.979,0.04200000000000004,NA,3.802333445549011,2.427382341623306,4.549439163208008,4.743133985648078,2.7209715234602774,4.775477849681373
ds002236_sub-0025,ds002236,sub-25,Female,right,12.75,107,10,104,11128,1364.25,1326,141882,1040,127.5,13260,0.958,0.875,0.833,1,0.979,0.04200000000000004,NA,2.7197143268585204,0.8749145269393921,3.618866951465607,3.4267316163590573,1.0419234320166715,3.676638459615765
ds002236_sub-0026,ds002236,sub-26,Female,right,8.75,125,12,119,14875,1093.75,1041.25,130156.25,1428,105,12495,0.958,0.792,0.875,1,0.979,0.04200000000000004,NA,3.298171367645263,2.203363089561462,2.8649811697006227,4.273229792685239,2.5659952694268355,3.1384058324321042
ds002236_sub-0029,ds002236,sub-29,Female,right,11,119,11,119,14161,1309,1309,155771,1309,121,14399,0.958,0.833,0.667,0.958,0.958,0,NA,2.665041694641113,1.6799185824394227,3.0797765707969664,3.228827004154987,1.9871370264026071,3.4360927474531096
ds002236_sub-0031,ds002236,sub-31,Female,right,14.75,101,11,74,7474,1489.75,1091.5,110241.5,814,162.25,12006.5,0.875,0.792,0.875,1,0.938,0.125,NA,6.147522683143616,2.5251764512062076,8.861790952682497,7.387132758649266,3.0715206579086893,9.02953413954781
ds002236_sub-0032,ds002236,sub-32,Male,right,12.75,119,4,104,12376,1517.25,1326,157794,416,51,5304,0.875,0.875,0.75,0.958,0.917,0.08299999999999996,NA,3.681164915561676,0.9083104723691938,5.2197687578201295,4.311226147224344,1.1453961252229938,5.140295901886366
ds002236_sub-0033,ds002236,sub-33,Female,right,12.67,117,8,115,13455,1482.39,1457.05,170474.85,920,101.36,11656.4,0.875,0.875,0.75,0.958,0.917,0.08299999999999996,NA,4.391487128734589,1.988936445713043,4.0955253195762635,5.428109880007252,2.3575279575574153,4.81846004574434
ds002236_sub-0035,ds002236,sub-35,Male,right,10.67,123,11,89,10947,1312.41,949.63,116804.49,979,117.37,10445.93,0.458,0.292,0.667,0.792,0.625,0.334,NA,2.3338412821292875,2.841340897083282,5.312450137138366,2.865418939657995,3.343296735885213,5.6047672742643595
ds002236_sub-0038,ds002236,sub-38,Male,right,12.67,115,9,104,11960,1457.05,1317.68,151533.2,936,114.03,11859.12,0.875,0.875,0.917,1,0.938,0.125,NA,3.2853266620635986,2.3710159373283384,2.920570116043091,3.943218394094105,2.705574583814552,3.3673742888108174
ds002236_sub-0042,ds002236,sub-42,Female,right,8.67,117,15,109,12753,1014.39,945.03,110568.51,1635,130.05,14175.45,0.958,0.792,0.417,0.917,0.938,0.04099999999999992,NA,3.518975644111633,1.8265812754631041,4.256738033294678,4.383565230482489,2.13571396239678,4.415055160672858
ds002236_sub-0043,ds002236,sub-43,Male,right,12.75,125,12,109,13625,1593.75,1389.75,173718.75,1308,153,16677,1,1,0.833,0.958,0.979,0.04200000000000004,NA,3.514959471225738,1.2877149367332454,3.0521425437927245,4.183874074056562,1.4221807336776826,3.297579097269925
ds002236_sub-0044,ds002236,sub-44,Male,right,8.75,126,15,115,14490,1102.5,1006.25,126787.5,1725,131.25,15093.75,0.958,0.917,0.875,1,0.979,0.04200000000000004,NA,2.676824684143067,1.0677906954288485,2.8340470528602606,3.2641222766678095,1.2524050494457777,3.2678079482655513
ds002236_sub-0045,ds002236,sub-45,Female,right,12.67,120,11,109,13080,1520.4,1381.03,165723.6,1199,139.37,15191.33,1,0.917,0.625,0.958,0.979,0.04200000000000004,NA,3.7162952923774717,1.3520811235904697,3.322123110294342,4.651868475698158,1.5787811067188837,3.8161775212729254
ds002236_sub-0046,ds002236,sub-46,Male,right,14.67,110,11,104,11440,1613.7,1525.68,167824.8,1144,161.37,16782.48,0.917,0.875,0.958,1,0.958,0.08299999999999996,NA,1.6857102823257448,1.736834715604782,2.612654247283935,1.9889368614798737,1.9649550676501337,2.688314749121307
ds002236_sub-0047,ds002236,sub-47,Female,right,14.83,107,12,104,11128,1586.81,1542.32,165028.24,1248,177.96,18507.84,0.917,0.917,0.875,1,0.958,0.08299999999999996,NA,4.268606326580048,2.4110471189022062,4.380534491539001,5.0503941622869,2.6366242869633894,4.75614086252522
ds002236_sub-0048,ds002236,sub-48,Female,right,13.42,103,11,100,10300,1382.26,1342,138226,1100,147.62,14762,1,0.958,0.583,0.958,0.979,0.04200000000000004,NA,2.62837651014328,0.8337716966867447,4.4053897547721865,3.1517603435780215,0.9977477518830336,4.7098251221941245
ds002236_sub-0049,ds002236,sub-49,Male,right,9,117,13,130,15210,1053,1170,136890,1690,117,15210,0.917,0.75,0.792,1,0.958,0.08299999999999996,NA,3.9352421736717225,1.9446323525905609,4.585882005691528,5.1673169034032504,2.4691035789385474,4.611237087244979
ds002236_sub-0050,ds002236,sub-50,Male,right,10.75,107,13,109,11663,1150.25,1171.75,125377.25,1417,139.75,15232.75,1,0.875,0.542,1,1,0,NA,1.57820195555687,0.8441123878955841,0.8964799737930298,1.9456568421221399,1.0348037468556095,0.9700018718839604
ds002236_sub-0051,ds002236,sub-51,Female,right,11.08,116,12,119,13804,1285.28,1318.52,152948.32,1428,132.96,15822.24,1,0.833,0.792,1,1,0,NA,2.5887550330162044,1.7886485826969147,4.11433048248291,3.401662672516061,2.1929409121003824,4.201762052850308
ds002236_sub-0052,ds002236,sub-52,Female,right,14.92,106,13,94,9964,1581.52,1402.48,148662.88,1222,193.96,18232.24,0.958,0.75,0.833,1,0.979,0.04200000000000004,NA,2.512634723186493,1.5667587065696718,3.467715899944306,3.03480298315228,1.927919950466791,3.54265294402631
ds002236_sub-0053,ds002236,sub-53,Male,right,13,95,9,109,10355,1235,1417,134615,981,117,12753,0.875,0.667,0.667,1,0.938,0.125,NA,3.3252968668937686,1.1047847437858578,2.8258632993698116,4.0241276953320835,1.199266009419752,3.077074601408651
ds002236_sub-0055,ds002236,sub-55,Male,right,11.17,111,11,89,9879,1239.87,994.13,110348.43,979,122.87,10935.43,0.917,0.875,0.375,0.875,0.896,0.04200000000000004,NA,0.9788402265310286,0.8448693144321443,1.8484721088409426,1.233724195522869,1.0994953500590439,2.0662314653805742
ds002236_sub-0056,ds002236,sub-56,Male,right,9,99,7,100,9900,891,900,89100,700,63,6300,0.958,0.667,0.125,0.917,0.938,0.04099999999999992,NA,1.583789067268371,1.81406480550766,2.7440366172790527,2.295613574159388,2.2854290114772886,2.894166744284518
ds002236_sub-0057,ds002236,sub-57,Male,right,15.33,96,4,74,7104,1471.68,1134.42,108904.32,296,61.32,4537.68,0.917,0.958,0.792,1,0.958,0.08299999999999996,NA,2.4146267318725587,0.5459224709868431,3.3330616521835323,2.99330930485516,0.7686437376524656,3.582753016034259
ds002236_sub-0058,ds002236,sub-58,Male,right,11.17,101,9,94,9494,1128.17,1049.98,106047.98,846,100.53,9449.82,0.917,0.75,0.833,1,0.958,0.08299999999999996,NA,3.4113905286788944,1.8560273551940913,4.988452253341675,4.292415742780346,2.2011982536133177,4.9377378758111785
ds002236_sub-0059,ds002236,sub-59,Female,right,10.67,108,11,89,9612,1152.36,949.63,102560.04,979,117.37,10445.93,0.792,0.458,0.583,0.875,0.833,0.08299999999999996,NA,2.5976904940605166,1.4326903069019319,3.3817162513732906,3.098267621892068,1.740807801302766,3.6868834362715437
ds002236_sub-0060,ds002236,sub-60,Female,right,8.75,100,12,109,10900,875,953.75,95375,1308,105,11445,0.875,0.333,0.042,0.917,0.896,0.04200000000000004,NA,1.953150304555893,2.4732976818084715,3.7759908556938173,2.5069192037395496,2.8998427169941543,4.1888478997822185
ds002236_sub-0061,ds002236,sub-61,Female,right,10.75,105,12,89,9345,1128.75,956.75,100458.75,1068,129,11481,1,0.958,0.708,0.917,0.958,0.08299999999999996,NA,3.512773370742798,1.1228721582889554,3.0284129977226253,4.258638760530543,1.4009674079853414,3.163474316810044
ds002236_sub-0062,ds002236,sub-62,Male,right,13.42,92,4,109,10028,1234.64,1462.78,134575.76,436,53.68,5851.12,1,0.833,0.375,0.833,0.917,0.16700000000000004,NA,3.84677182674408,2.660632328987122,2.710515351295471,4.621683805663902,3.187392022265151,2.8603517452263367
ds002236_sub-0063,ds002236,sub-63,Female,right,11.08,87,8,109,9483,963.96,1207.72,105071.64,872,88.64,9661.76,0.583,0.292,0.292,0.833,0.708,0.25,NA,2.7660387969017024,3.28025883436203,2.984715156555176,3.43735461453627,3.6829811289167935,3.4400403086502407
ds002236_sub-0064,ds002236,sub-64,Female,right,8.72,94,7,100,9400,819.6800000000001,872.0000000000001,81968,700,61.040000000000006,6104,0.75,0.458,0.417,1,0.875,0.25,NA,1.5494500398635869,0.4902346596121788,2.8373199439048764,2.059910619182663,0.6833738233687074,3.4245961922492985
ds002236_sub-0065,ds002236,sub-65,Female,right,8.83,104,14,124,12896,918.32,1094.92,113871.68000000001,1736,123.62,15328.880000000001,0.667,0.25,0.167,0.75,0.708,0.08299999999999996,NA,3.7392998981475825,2.7811015915870665,4.207707886695862,4.519450970439533,3.19385685226694,4.186345863272623
ds002236_sub-0066,ds002236,sub-66,Male,right,11.08,118,10,115,13570,1307.44,1274.2,150355.6,1150,110.8,12742,0.958,0.917,0.833,1,0.979,0.04200000000000004,NA,2.6091481876373295,1.7795592045783999,1.9781351828575133,3.1943704190099984,2.2132428139140816,2.1297260994900338
ds002236_sub-0068,ds002236,sub-68,Male,right,9.33,87,6,104,9048,811.71,970.32,84417.84,624,55.980000000000004,5821.92,0.833,0.458,0.208,0.875,0.854,0.04200000000000004,NA,2.027842960357666,1.6771463942527773,2.418998517990113,2.7266094299818238,2.0851294931698123,2.7048966659713707
ds002236_sub-0069,ds002236,sub-69,Male,right,10.75,93,12,109,10137,999.75,1171.75,108972.75,1308,129,14061,0.667,0.458,0.292,0.917,0.792,0.25,NA,2.8345390486717226,1.5793914854526516,4.028301982879639,3.5572509651484587,2.0841836568319865,4.15647502823105
ds002236_sub-0071,ds002236,sub-71,Male,right,13.42,85,7,89,7565,1140.7,1194.3799999999999,101522.3,623,93.94,8360.66,0.583,0.5,0.25,0.792,0.688,0.20900000000000007,NA,1.59070307135582,0.5781744095683096,2.4545419406890865,1.9515817408082057,0.7329678715028907,2.5241007530419823
ds002236_sub-0073,ds002236,sub-73,Male,right,9.33,86,7,74,6364,802.38,690.42,59376.12,518,65.31,4832.94,0.75,0.417,0.167,0.5,0.625,0.25,NA,2.8295508766174318,1.622996720075607,1.8846692037582395,3.581741768369038,2.016234351895161,2.258690470309325
ds002236_sub-0074,ds002236,sub-74,Female,right,14.83,72,5,89,6408,1067.76,1319.8700000000001,95030.64,445,74.15,6599.35,0.875,0.5,0.292,0.917,0.896,0.04200000000000004,NA,4.318022632598876,1.4817169272899628,4.2998786902427675,5.127828668874354,1.8674684648997983,4.37810848155507
ds002236_sub-0075,ds002236,sub-75,Female,right,10.67,95,9,85,8075,1013.65,906.95,86160.25,765,96.03,8162.55,0.833,0.792,0.333,1,0.917,0.16700000000000004,NA,2.7557834792137146,2.9009747123718266,3.3369587802886964,3.33446661384891,3.5233076955775964,3.863996767839185
ds002236_sub-0077,ds002236,sub-77,Female,right,10.67,114,11,119,13566,1216.3799999999999,1269.73,144749.22,1309,117.37,13967.03,0.958,0.958,0.583,1,0.979,0.04200000000000004,NA,3.0207418441772456,2.608223743438721,3.1114031362533563,3.6910734293596,3.2462447738797526,3.686840734545131
ds002236_sub-0079,ds002236,sub-79,Male,right,11.17,87,8,109,9483,971.79,1217.53,105925.11,872,89.36,9740.24,0.75,0.375,0.583,0.917,0.833,0.16700000000000004,NA,1.9632302474975585,0.6561545604467391,2.2432019186019896,2.4746644521585286,0.859551053552376,2.575754633235641
ds002236_sub-0080,ds002236,sub-80,Male,right,11.17,84,8,115,9660,938.28,1284.55,107902.2,920,89.36,10276.4,0.667,0.417,0.625,0.667,0.667,0,NA,0.30876998513937,0.2320706037804484,0.5449550783634185,0.5298541219588748,0.2934756084604225,0.7163640106809717
ds002236_sub-0081,ds002236,sub-81,Male,right,8.67,102,7,104,10608,884.34,901.68,91971.36,728,60.69,6311.76,0.708,0.333,0.125,0.833,0.771,0.125,NA,2.665512166023255,2.8789087319374085,3.2067038774490357,3.3744188174997367,3.3412583369947106,3.385538782467337
ds002236_sub-0082,ds002236,sub-82,Male,right,8.83,93,12,109,10137,821.19,962.47,89509.71,1308,105.96000000000001,11549.64,0.708,0.667,0.333,0.5,0.604,0.20799999999999996,NA,1.4709868848323824,0.8727058362960814,1.6718943762779237,1.983854551243363,0.9764116975986545,1.5854266475131928
ds002236_sub-0083,ds002236,sub-83,Female,right,13,86,5,85,7310,1118,1105,95030,425,65,5525,0.75,0.583,0.625,0.958,0.854,0.20799999999999996,NA,1.659848728179932,1.1393371462821962,1.6634031832218166,2.1151711563678646,1.4720753349856806,1.8684436817380607
ds002236_sub-0084,ds002236,sub-84,Male,right,14.75,82,4,89,7298,1209.5,1312.75,107645.5,356,59,5251,0.833,0.75,0.208,0.917,0.875,0.08400000000000007,NA,1.3127104055881493,1.8891027665138247,1.0540322440862657,1.6567966455147107,2.299849314825753,1.1751788785202537
ds002236_sub-0090,ds002236,sub-90,Male,right,14.92,86,7,109,9374,1283.12,1626.28,139860.08,763,104.44,11383.96,0.833,0.625,0.542,0.958,0.896,0.125,NA,5.2769639110565185,1.2170663976669311,4.515605380535126,6.42183517278648,1.6020609074448053,5.2833398063151185
ds006239_sub-1002,ds006239,sub-1002,Female,right,15.93,122,11,130,15860,1943.46,2070.9,252649.8,1430,175.23,22779.899999999998,1,0.875,0.917,0.917,0.958,0.08299999999999996,NA,7.160144419670106,1.640691024065018,5.728410863876343,5.793624452218185,1.4121573610538134,5.103957512381735
ds006239_sub-1076,ds006239,sub-1076,Male,right,12.66,94,8,110,10340,1190.04,1392.6,130904.40000000001,880,101.28,11140.8,0.875,0.625,0.917,0.833,0.854,0.04200000000000004,NA,5.414562606811524,3.4747218918800353,5.026700632572174,4.045763401065266,2.828015190054027,3.8893208361367444
ds006239_sub-1079,ds006239,sub-1079,Female,right,11.55,111,9,110,12210,1282.0500000000002,1270.5,141025.5,990,103.95,11434.5,0.792,0.792,0.708,0.875,0.833,0.08299999999999996,NA,5.365581254959106,2.8892664170265197,6.250226058959961,4.003708210423698,2.3921948262757273,5.256628402051783
ds006239_sub-1080,ds006239,sub-1080,Female,right,11.26,128,13,132,16896,1441.28,1486.32,190248.96,1716,146.38,19322.16,1,0.917,0.958,0.958,0.979,0.04200000000000004,NA,4.447657840251923,3.853008079528809,4.415359272956849,3.5108096272007057,3.495908741713233,3.8996585006408635
ds006239_sub-1081,ds006239,sub-1081,Female,right,10.72,94,9,112,10528,1007.6800000000001,1200.64,112860.16,1008,96.48,10805.76,0.708,0.583,0.833,0.917,0.812,0.20900000000000007,NA,3.045949900150299,0.7316717544198037,1.55813717842102,2.295784667808954,0.7478345364203038,1.2344568769153825
ds006239_sub-1082,ds006239,sub-1082,Male,right,10.57,94,12,122,11468,993.58,1289.54,121216.76000000001,1464,126.84,15474.48,0.667,0.042,0.833,0.708,0.688,0.04099999999999992,NA,5.144497797489167,4.352879576683044,7.391921854019164,4.077449324417763,3.901821004516953,5.812908217891602
ds006239_sub-1086,ds006239,sub-1086,Male,right,10.42,125,14,135,16875,1302.5,1406.7,175837.5,1890,145.88,19693.8,1,0.917,0.958,1,1,0,NA,4.410948185920715,1.3570646905899049,2.162362369298935,3.523415945942057,1.2380565465924904,1.9196525821403336
ds006239_sub-1089,ds006239,sub-1089,Male,right,16.52,112,8,98,10976,1850.24,1618.96,181323.52,784,132.16,12951.68,1,0.708,0.875,0.917,0.958,0.08299999999999996,NA,6.454673390388489,1.0734224563837051,4.150486805438995,5.106011440260924,1.0435356106792024,3.5794687702212986
ds006239_sub-1090,ds006239,sub-1090,Male,right,12.41,95,5,116,11020,1178.95,1439.56,136758.2,580,62.05,7197.8,0.917,0.792,0.958,0.917,0.917,0,NA,4.941483106613159,2.0714264690876005,6.105188574790955,3.9324626055091643,1.8504876015636993,4.822599346597349
ds006239_sub-1101,ds006239,sub-1101,Female,right,16.13,126,12,96,12096,2032.3799999999999,1548.48,195108.47999999998,1152,193.56,18581.76,1,0.958,1,1,1,0,NA,4.908306291103363,3.1326986503601075,4.506317551136017,3.9419424032493193,2.6852250501091715,4.153710690983475
ds006239_sub-1102,ds006239,sub-1102,Female,right,11.35,125,14,120,15000,1418.75,1362,170250,1680,158.9,19068,1,0.917,0.958,1,1,0,NA,1.9460272145271302,0.3664573536813259,3.01124737739563,1.5906972550756033,0.42326467993087613,2.535033074607681
ds006239_sub-1103,ds006239,sub-1103,Female,right,14.14,123,12,118,14514,1739.22,1668.52,205227.96000000002,1416,169.68,20022.24,1,0.875,0.958,0.625,0.812,0.375,NA,5.442319850921631,2.0113405692577366,3.131943488121032,4.398210950424479,1.679203613146048,2.845643861800918
ds006239_sub-1105,ds006239,sub-1105,Female,right,10.55,120,14,109,13080,1266,1149.95,137994,1526,147.70000000000002,16099.300000000001,0.917,0.833,0.875,0.875,0.896,0.04200000000000004,NA,7.311904129981995,2.7335644543170927,5.702927665710448,5.716122993271371,2.3603177671994615,4.992952464893462
ds006239_sub-1107,ds006239,sub-1107,Female,right,12.14,106,10,104,11024,1286.8400000000001,1262.56,133831.36000000002,1040,121.4,12625.6,1,0.708,0.958,1,1,0,NA,3.371153600215912,2.400219573974609,2.141021821498871,2.678200336765097,2.1927106153567335,1.9145011149740125
ds006239_sub-1110,ds006239,sub-1110,Female,right,12.29,104,12,121,12584,1278.1599999999999,1487.09,154657.36,1452,147.48,17845.079999999998,1,0.792,1,0.958,0.979,0.04200000000000004,NA,1.5252175199985507,0.5528981658816338,1.6397520047426222,1.1303228562531609,0.5590498043434475,1.3185152204338189
ds006239_sub-1111,ds006239,sub-1111,Female,right,12.26,106,9,113,11978,1299.56,1385.3799999999999,146850.28,1017,110.34,12468.42,0.958,0.833,0.708,1,0.979,0.04200000000000004,NA,2.5504590940475467,1.7353532624244692,2.421040955781936,2.0591125939884587,1.6045262079127929,2.0179911452077626
ds006239_sub-1116,ds006239,sub-1116,Male,right,13.41,102,9,116,11832,1367.82,1555.56,158667.12,1044,120.69,14000.04,1,0.875,0.958,0.958,0.979,0.04200000000000004,NA,4.127776119709015,3.4218544411659244,3.8124844384193417,3.306397435369373,3.027130337250009,3.364536997112674
ds006239_sub-1117,ds006239,sub-1117,Male,right,10.23,130,11,123,15990,1329.9,1258.29,163577.7,1353,112.53,13841.19,0.958,0.875,0.875,0.958,0.958,0,NA,0.8944050091505048,0.4702077981829644,1.8532513523101808,0.622166695262777,0.5121550964118299,1.4217951110559826
ds006239_sub-1119,ds006239,sub-1119,Male,right,12.78,115,9,117,13455,1469.6999999999998,1495.26,171954.9,1053,115.02,13457.34,0.917,0.667,0.833,0.917,0.917,0,NA,8.54142725944519,3.974163167476654,8.537437090873718,6.368492049974804,3.3844567472445672,7.502202937994749
ds006239_sub-1122,ds006239,sub-1122,Male,right,10.59,111,10,130,14430,1175.49,1376.7,152813.7,1300,105.9,13767,1,0.75,0.833,0.792,0.896,0.20799999999999996,NA,2.9123301148414615,2.6314940404891964,3.393188064098358,2.320828884933517,2.3845615626742154,2.937698073573887
ds006239_sub-1129,ds006239,sub-1129,Male,right,15.02,73,8,91,6643,1096.46,1366.82,99777.86,728,120.16,10934.56,0.833,0.167,0.5,0.833,0.833,0,NA,7.85915853023529,2.1226551318168645,6.216287293434143,5.7895800833119635,1.8419308266402434,5.157899012606318
ds006239_sub-1130,ds006239,sub-1130,Female,right,11.45,108,13,102,11016,1236.6,1167.8999999999999,126133.2,1326,148.85,15182.699999999999,0.958,0.833,0.875,1,0.979,0.04200000000000004,NA,0.2631784561835229,1.0146908098459242,3.961055788993836,0.19650241356442769,0.9691422241458996,3.4985355026336635
ds006239_sub-1148,ds006239,sub-1148,Female,right,10.48,108,11,122,13176,1131.8400000000001,1278.56,138084.48,1342,115.28,14064.16,0.792,0.792,0.667,0.875,0.833,0.08299999999999996,NA,4.728871059417725,2.2666321957111357,5.659668374061584,3.601927442084268,2.033246657234981,5.176636040479718
ds006239_sub-1156,ds006239,sub-1156,Female,right,12.21,106,11,107,11342,1294.26,1306.47,138485.82,1177,134.31,14371.170000000002,0.958,0.958,0.875,1,0.979,0.04200000000000004,NA,5.383456516265869,1.847030735015869,6.336403632164002,4.181970480844234,1.5784562038903998,5.060453428756577
ds006239_sub-1160,ds006239,sub-1160,Female,right,14.69,128,9,114,14592,1880.32,1674.6599999999999,214356.47999999998,1026,132.21,15071.939999999999,1,0.958,1,0.958,0.979,0.04200000000000004,NA,7.728549218177796,1.6350016367435456,4.598646726608276,5.9774772932061415,1.5166670724666145,4.143744785351982
ds006239_sub-1161,ds006239,sub-1161,Male,right,14.69,109,9,102,11118,1601.21,1498.3799999999999,163323.41999999998,918,132.21,13485.42,1,0.958,1,1,1,0,NA,2.8295144891738886,0.9560275924205782,3.543920118808747,2.3614902108951954,0.8248841790444408,2.9387839976396317
ds006239_sub-1169,ds006239,sub-1169,Female,right,11.56,112,10,120,13440,1294.72,1387.2,155366.4,1200,115.60000000000001,13872,0.958,0.792,0.875,0.875,0.917,0.08299999999999996,NA,4.587603857517243,1.3685753524303437,3.929631083011628,3.5818770839872576,1.303644951524928,3.436653077214974
ds006239_sub-1178,ds006239,sub-1178,Female,right,11.95,103,12,111,11433,1230.85,1326.4499999999998,136624.35,1332,143.39999999999998,15917.4,1,0.5,1,0.833,0.917,0.16700000000000004,NA,7.211304216384888,0.9682965055108075,5.144313819408416,5.394077188754672,0.9327827965064315,4.137747232705035
ds006239_sub-1180,ds006239,sub-1180,Male,right,12.64,121,11,122,14762,1529.44,1542.0800000000002,186591.68000000002,1342,139.04000000000002,16962.88,0.958,0.958,1,1,0.979,0.04200000000000004,NA,2.530107822418213,1.913394160270691,3.1261940741539007,2.0848459443455787,1.7188464209797638,2.8014644905093897
ds006239_sub-1181,ds006239,sub-1181,Male,right,12.32,113,8,101,11413,1392.16,1244.32,140608.16,808,98.56,9954.56,0.833,0.583,0.917,0.792,0.812,0.040999999999999925,NA,5.867132959365844,2.7834659528732297,6.75594398021698,4.447234491702411,2.45711033015375,5.216901325379034
ds006239_sub-1187,ds006239,sub-1187,Female,right,12.8,118,9,119,14042,1510.4,1523.2,179737.6,1071,115.2,13708.800000000001,1,0.875,0.958,0.958,0.979,0.04200000000000004,NA,5.111951704025268,2.4069648802280423,5.444857292175293,3.948366473078688,2.2367459887762884,4.572475853466022
ds006239_sub-1190,ds006239,sub-1190,Male,right,14.01,104,9,116,12064,1457.04,1625.16,169016.63999999998,1044,126.09,14626.44,0.958,0.875,0.958,1,0.979,0.04200000000000004,NA,2.5363817119598386,1.3762564778327946,3.6118963217735294,2.0974948904288855,1.323203766092692,3.163949831756501
ds006239_sub-1191,ds006239,sub-1191,Female,right,11.91,112,10,92,10304,1333.92,1095.72,122720.64,920,119.1,10957.2,1,0.667,0.917,0.792,0.896,0.20799999999999996,NA,2.002345613241196,1.506717558503151,3.240353887081146,1.5471041801522598,1.3821945455071252,2.8544367458963973
ds006239_sub-1192,ds006239,sub-1192,Male,right,10.71,116,11,140,16240,1242.3600000000001,1499.4,173930.40000000002,1540,117.81,16493.4,1,0.792,0.958,0.958,0.979,0.04200000000000004,NA,4.264691951274872,1.2789370119571686,3.883054587841034,3.396230926209848,1.174622152221274,3.5268174637324567
ds006239_sub-1193,ds006239,sub-1193,Male,right,11.09,117,5,105,12285,1297.53,1164.45,136240.65,525,55.45,5822.25,0.917,0.708,0.958,0.917,0.917,0,NA,7.9004267215728765,2.272765600681305,3.4990971446037293,5.761571535751296,1.954353669941762,3.0139570075883757
ds006239_sub-1194,ds006239,sub-1194,Male,right,14.33,119,10,99,11781,1705.27,1418.67,168821.73,990,143.3,14186.7,0.958,0.958,1,0.958,0.958,0,NA,0.863647403717041,0.4851660230755807,3.335863037109375,0.7895981427832877,0.4342388118031469,2.838847683072761
ds006239_sub-1195,ds006239,sub-1195,Male,right,11.41,120,14,126,15120,1369.2,1437.66,172519.2,1764,159.74,20127.24,1,0.792,1,0.958,0.979,0.04200000000000004,NA,6.5507043981552115,2.6962677145004275,5.285294437408448,5.096335265846852,2.4357435261810254,4.6749479305231265
ds006239_sub-1196,ds006239,sub-1196,Male,right,13.65,122,10,108,13176,1665.3,1474.2,179852.4,1080,136.5,14742,0.875,0.833,0.75,0.958,0.917,0.08299999999999996,NA,3.9702303814888,2.105787155628204,4.878813030719757,3.2571859230104425,1.868399387925008,4.395967623532947
ds006239_sub-1197,ds006239,sub-1197,Female,right,10.44,95,8,100,9500,991.8,1044,99180,800,83.52,8352,0.708,0.5,0.75,0.75,0.729,0.04200000000000004,NA,1.7496819627285003,0.5417324939370155,2.8008351850509645,1.3329342774632749,0.5734500838044435,2.4677937980633637
ds006239_sub-1198,ds006239,sub-1198,Male,right,10.96,113,11,137,15481,1238.48,1501.5200000000002,169671.76,1507,120.56,16516.72,0.917,0.792,0.958,0.958,0.938,0.04099999999999992,NA,4.177603540420533,2.196656512022018,4.2888673663139345,3.230284332740912,1.8920410943451123,3.448363336883005
ds006239_sub-1199,ds006239,sub-1199,Female,right,15.42,91,9,123,11193,1403.22,1896.66,172596.06,1107,138.78,17069.94,0.875,0.667,0.667,0.917,0.896,0.04200000000000004,NA,8.212914295196533,1.313531572818756,6.964069972038269,6.114356546193093,1.2651113529581286,6.219561583182465
ds006239_sub-1204,ds006239,sub-1204,Female,right,10.97,96,11,96,9216,1053.1200000000001,1053.1200000000001,101099.52,1056,120.67,11584.320000000002,0.75,0.542,0.792,0.75,0.75,0,NA,6.365558586120605,5.259237570762634,5.331577663421631,5.104283060803103,4.518320867099905,4.622763401946412
ds006239_sub-1205,ds006239,sub-1205,Male,right,12.92,107,9,129,13803,1382.44,1666.68,178334.76,1161,116.28,15000.12,0.958,0.875,0.917,0.792,0.875,0.16599999999999993,NA,6.005676774978638,1.4878260409832005,3.7926382350921632,4.728017463819329,1.3514943129441614,3.089333448367361
ds006239_sub-1206,ds006239,sub-1206,Male,right,14.76,96,10,127,12192,1416.96,1874.52,179953.91999999998,1270,147.6,18745.2,0.958,0.75,0.958,0.958,0.958,0,NA,7.221348505020142,1.384152989983559,3.4240815925598143,5.702482092760428,1.3347987545143696,3.0228404043295116
ds006239_sub-1208,ds006239,sub-1208,Female,right,15.96,108,10,108,11664,1723.68,1723.68,186157.44,1080,159.60000000000002,17236.8,1,0.917,0.917,1,1,0,NA,4.6794703006744385,1.9991584146022794,4.773149013519287,3.497016292491511,1.8081216745803281,4.32265243493644
ds006239_sub-1209,ds006239,sub-1209,Female,right,12.7,106,9,105,11130,1346.1999999999998,1333.5,141351,945,114.3,12001.5,1,0.875,0.917,0.917,0.958,0.08299999999999996,NA,9.203802061080932,2.4144691479206086,4.3521761274337765,7.081001791055431,2.101865555525038,3.9098083441117177
ds006239_sub-1210,ds006239,sub-1210,Female,right,16.37,97,9,92,8924,1587.89,1506.0400000000002,146085.88,828,147.33,13554.36,1,0.875,0.958,0.917,0.958,0.08299999999999996,NA,4.907912859916687,2.423158707618713,6.315436544418335,4.048644434509967,2.192174159549707,5.6322639047676795
ds006239_sub-1211,ds006239,sub-1211,Male,right,11.51,124,14,117,14508,1427.24,1346.67,166987.08,1638,161.14,18853.38,0.875,0.792,0.875,1,0.938,0.125,NA,4.274081451892853,2.7153644299507147,6.57551477432251,3.5389853941255387,2.40804742684633,5.3944915877040405
ds006239_sub-1213,ds006239,sub-1213,Female,right,10.49,112,13,130,14560,1174.88,1363.7,152734.4,1690,136.37,17728.1,0.875,0.708,0.917,1,0.938,0.125,NA,2.7981816625595095,0.871865736246109,3.6747122335433957,2.1452919791449423,0.8527703859666345,3.235887145784179
ds006239_sub-1219,ds006239,sub-1219,Female,right,10.91,68,4,73,4964,741.88,796.4300000000001,54157.24,292,43.64,3185.7200000000003,0.5,0.25,0.625,0.5,0.5,0,NA,2.9541353058815005,0.7518858194351196,4.549852361679077,2.188403136006281,0.7120834321377286,3.984857382664315
ds006239_sub-1220,ds006239,sub-1220,Female,right,10.81,82,6,94,7708,886.4200000000001,1016.1400000000001,83323.48000000001,564,64.86,6096.84,0.542,0.75,0.792,0.875,0.708,0.33299999999999996,NA,4.654915895462036,2.3174467813968658,5.050414528846741,3.427724432313707,2.1720124888763106,4.627514093753659
ds006239_sub-1223,ds006239,sub-1223,Male,right,10.41,116,6,92,10672,1207.56,957.72,111095.52,552,62.46,5746.32,0.833,0.667,0.833,0.958,0.896,0.125,NA,4.9149609613418574,3.189695248603821,4.177056152820587,3.717235474473273,2.8122083028106934,3.2054279117893754
ds006239_sub-1225,ds006239,sub-1225,Female,right,13.22,93,7,92,8556,1229.46,1216.24,113110.32,644,92.54,8513.68,0.917,0.542,0.833,1,0.958,0.08299999999999996,NA,5.507918453216553,1.692660709619522,9.122137608528135,4.21130570292994,1.4733514067169817,7.509416740079931
ds006239_sub-1246,ds006239,sub-1246,Female,right,10.3,94,9,102,9588,968.2,1050.6000000000001,98756.40000000001,918,92.7,9455.400000000001,0.625,0.583,0.583,0.875,0.75,0.25,NA,1.4252652418613434,0.3926086295954883,2.1666131770610813,1.1057796304279952,0.4114429860265372,1.8031765586399127
ds006239_sub-1248,ds006239,sub-1248,Female,right,12.3,115,10,121,13915,1414.5,1488.3000000000002,171154.5,1210,123,14883,1,0.875,0.958,1,1,0,NA,2.825930418968201,2.7990248703956606,4.1719305801391595,2.2794200146716057,2.4406739817662704,3.672290078750903
ds006239_sub-1250,ds006239,sub-1250,Female,right,16.5,91,10,90,8190,1501.5,1485,135135,900,165,14850,0.958,0.708,1,1,0.979,0.04200000000000004,NA,10.503361902236936,3.5868690848350524,6.294939589500427,7.8959254624990205,2.974389281275252,5.277544822793218
ds006239_sub-1252,ds006239,sub-1252,Female,right,15.61,84,8,76,6384,1311.24,1186.36,99654.23999999999,608,124.88,9490.88,0.792,0.5,0.875,0.792,0.792,0,NA,4.507637972831726,3.290817368030548,3.3718842887878417,3.4989867578813696,2.8636669773242547,3.0661936543220794
ds006239_sub-1255,ds006239,sub-1255,Male,right,10.36,92,5,98,9016,953.1199999999999,1015.28,93405.76,490,51.8,5076.4,0.542,0.792,0.417,0.917,0.729,0.375,NA,1.2629098963737493,0.5841415220499039,1.399167107343674,0.9398392663414705,0.6299707149608303,1.1653162262469698
ds006239_sub-1277,ds006239,sub-1277,Male,right,12.86,103,12,119,12257,1324.58,1530.34,157625.02,1428,154.32,18364.079999999998,1,0.75,0.958,0.792,0.896,0.20799999999999996,NA,5.692692003250122,3.296747031211853,3.2930443096160893,4.258447011560833,2.6665371689355486,2.8916321784885484
ds006239_sub-1278,ds006239,sub-1278,Male,right,10.95,127,12,83,10541,1390.6499999999999,908.8499999999999,115423.95,996,131.39999999999998,10906.199999999999,0.958,0.792,0.917,0.958,0.958,0,NA,4.833786244392395,3.326270396709442,5.678508043289185,3.6460515108707874,2.922173482290992,4.829882698600859
ds006239_sub-1283,ds006239,sub-1283,Female,right,16.66,89,9,83,7387,1482.74,1382.78,123067.42,747,149.94,12445.02,0.833,0.708,0.708,1,0.917,0.16700000000000004,NA,5.808284392356873,4.118826863765717,4.326011977195741,4.637423717448817,3.5028457475507384,3.6701611307332325
ds006239_sub-1288,ds006239,sub-1288,Female,right,14.67,114,11,108,12312,1672.3799999999999,1584.36,180617.04,1188,161.37,17427.96,1,0.833,1,1,1,0,NA,7.451858553886414,2.0835031044483183,6.353138027191163,5.564918289236376,1.897618440091135,5.439009025370773
ds006239_sub-1289,ds006239,sub-1289,Female,right,13.21,118,12,134,15812,1558.7800000000002,1770.14,208876.52000000002,1608,158.52,21241.68,1,0.958,1,1,1,0,NA,8.074391260147094,6.048064951896667,5.017737007141113,6.4088029207485855,4.926874328405185,4.530506937839817
ds006239_sub-1291,ds006239,sub-1291,Male,right,12.24,95,11,116,11020,1162.8,1419.84,134884.8,1276,134.64000000000001,15618.24,0.708,0.667,0.5,0.917,0.812,0.20900000000000007,NA,5.0494703817367554,2.496800255775452,5.1242929816246034,3.8461659853619374,2.252647231126035,4.005565779442332
